id_operacao,data,cliente,segmento,moeda_origem,moeda_destino,valor_brl,taxa_mercado,taxa_aplicada,custo_operacional
OP00001,2024-05-20,Alves e Filhos,PME,BRL,USD,67360.01,5.385067,5.488912,79.36
OP00002,2024-02-22,Joaquim Câmara,PF,BRL,USD,2565.9,5.434441,5.501676,14.57
OP00003,2024-02-14,Sousa Caldeira e Filhos,PME,BRL,ARS,128966.24,0.006092,0.006288,136.97
OP00004,2024-02-17,Pastor - ME,PME,BRL,USD,35286.35,5.343282,5.411146,47.29
OP00005,2024-01-14,Arthur Borges,PF,BRL,EUR,5781.22,5.626146,5.773207,23.78
OP00006,2024-12-25,da Conceição Montenegro - EI,PME,BRL,GBP,81604.96,6.689705,6.852585,103.6
OP00007,2024-10-28,Gael Henrique Silva,PF,BRL,USD,2899.75,5.247471,5.331288,14.9
OP00008,2024-03-22,Ísis Leão,PF,BRL,ARS,3427.23,0.006072,0.006376,11.43
OP00009,2024-03-20,Machado Pastor Ltda.,PME,BRL,USD,36067.54,5.41198,5.508262,48.07
OP00010,2024-02-22,Emanuel Sampaio,PF,BRL,GBP,3487.85,7.030747,7.194874,25.49
OP00011,2024-06-25,Manuela da Mota,PF,BRL,USD,3484.81,5.600046,5.667048,15.48
OP00012,2024-08-23,Cunha Teixeira Ltda.,PME,BRL,ARS,36300.58,0.005999,0.006384,44.3
OP00013,2024-07-12,Caleb Garcia,PF,BRL,JPY,8190.42,0.035121,0.036055,28.19
OP00014,2024-11-17,Luiz Henrique Ferreira,PF,BRL,USD,26480.95,5.528913,5.599231,38.48
OP00015,2024-10-22,Aparecida,PME,BRL,ARS,77874.84,0.006021,0.00623,85.87
OP00016,2024-12-04,Sra. Zoe Campos,PF,BRL,USD,2729.14,5.229004,5.300935,14.73
OP00017,2024-02-10,Anna Liz Novaes,PF,BRL,USD,3792.61,5.514169,5.590657,15.79
OP00018,2024-07-13,Pires,PME,BRL,ARS,25373.15,0.006016,0.006379,33.37
OP00019,2024-07-05,Maria Cecília Oliveira,PF,BRL,EUR,3331.04,5.921566,6.025847,21.33
OP00020,2024-12-09,Bernardo Aparecida,PF,BRL,USD,7090.19,5.495877,5.601662,19.09
OP00021,2024-11-27,Heloísa Vargas,PF,BRL,JPY,3021.97,0.035777,0.03717,23.02
OP00022,2024-09-30,Bruno da Conceição,PF,BRL,EUR,2022.93,5.978659,6.090885,20.02
OP00023,2024-07-13,Garcia Ltda.,PME,BRL,USD,25744.53,5.27081,5.372301,37.74
OP00024,2024-12-18,Maria Clara Castro,PF,BRL,JPY,8250.84,0.036214,0.037307,28.25
OP00025,2024-01-29,Fogaça,PME,BRL,EUR,62116.06,5.774521,5.963439,80.12
OP00026,2024-06-10,João Felipe Sampaio,PF,BRL,USD,12264.37,5.436524,5.525822,24.26
OP00027,2024-10-17,Ana Sophia Pereira,PF,BRL,USD,1038.31,5.488765,5.548071,13.04
OP00028,2024-12-01,Nascimento Siqueira S.A.,PME,BRL,USD,21344.04,5.512589,5.604114,33.34
OP00029,2024-11-25,Ravi Garcia,PF,BRL,ARS,4382.57,0.006043,0.006323,12.38
OP00030,2024-05-06,Henry Rodrigues,PF,BRL,USD,3113.92,5.480321,5.542927,15.11
OP00031,2024-10-26,Vargas,PME,BRL,EUR,30781.9,5.791294,6.000325,48.78
OP00032,2024-07-04,Ian Andrade,PF,BRL,EUR,6755.16,5.985508,6.194577,24.76
OP00033,2024-09-17,Dr. João Felipe Azevedo,PF,BRL,JPY,3638.54,0.03637,0.03781,23.64
OP00034,2024-02-26,Levi Cunha,PF,BRL,GBP,11387.94,6.924226,7.218548,33.39
OP00035,2024-12-14,Sara Gonçalves,PF,BRL,USD,3281.19,5.364612,5.435614,15.28
OP00036,2024-07-14,Natália Casa Grande,PF,BRL,USD,10736.81,5.368469,5.480288,22.74
OP00037,2024-05-08,Carvalho,PME,BRL,EUR,50153.64,5.822553,5.973056,68.15
OP00038,2024-01-06,Souza Novais - EI,Corporate,BRL,ARS,394373.42,0.005965,0.006225,402.37
OP00039,2024-10-01,Souza,PME,BRL,USD,45388.17,5.443637,5.534684,57.39
OP00040,2024-06-23,Pacheco,PME,BRL,GBP,28394.31,7.093746,7.40816,50.39
OP00041,2024-08-20,Maria Cecília Câmara,PF,BRL,USD,1581.19,5.397137,5.472255,13.58
OP00042,2024-05-14,Thomas Monteiro,PF,BRL,GBP,5316.67,6.8403,7.06647,27.32
OP00043,2024-09-16,Sá S/A,Corporate,BRL,GBP,445497.45,6.941614,7.111527,467.5
OP00044,2024-06-01,Cassiano e Filhos,Corporate,BRL,ARS,613083.21,0.005999,0.00624,621.08
OP00045,2024-04-11,Vieira Rodrigues - ME,PME,BRL,EUR,99257.42,5.937976,6.070112,117.26
OP00046,2024-10-03,Ana Luiza Gomes,PF,BRL,GBP,3090.53,7.090994,7.347513,25.09
OP00047,2024-01-01,Peixoto,Corporate,BRL,JPY,711035.5,0.037577,0.03839,731.04
OP00048,2024-02-27,Moura,PME,BRL,EUR,37187.16,5.95801,6.084501,55.19
OP00049,2024-06-06,Novaes,Corporate,BRL,ARS,530807.23,0.00594,0.006272,538.81
OP00050,2024-10-17,Danilo Rodrigues,PF,BRL,USD,5027.51,5.360522,5.431377,17.03
OP00051,2024-09-05,Vargas,Corporate,BRL,USD,264337.28,5.451148,5.553582,276.34
OP00052,2024-09-29,Camargo,PME,BRL,JPY,72555.51,0.035884,0.036698,92.56
OP00053,2024-08-31,Lopes,PME,BRL,USD,31251.61,5.365217,5.481086,43.25
OP00054,2024-09-27,Marques Abreu e Filhos,Corporate,BRL,USD,403655.21,5.460061,5.560634,415.66
OP00055,2024-04-18,Montenegro,PME,BRL,USD,57311.37,5.541171,5.634572,69.31
OP00056,2024-12-19,Montenegro Caldeira e Filhos,Corporate,BRL,GBP,411543.01,6.87159,7.163861,433.54
OP00057,2024-12-09,Thiago Pereira,PF,BRL,USD,5843.72,5.484437,5.564336,17.84
OP00058,2024-09-21,Cassiano Freitas S.A.,PME,BRL,USD,109034.15,5.306348,5.419189,121.03
OP00059,2024-02-02,Vitória Abreu,PF,BRL,USD,5810.89,5.437416,5.536401,17.81
OP00060,2024-04-27,Luna Mendonça,PF,BRL,EUR,5727.11,5.949146,6.05435,23.73
OP00061,2024-12-28,Camargo Ltda.,PME,BRL,USD,59612.57,5.32285,5.379063,71.61
OP00062,2024-01-17,da Costa,PME,BRL,USD,55529.97,5.26858,5.367644,67.53
OP00063,2024-05-01,da Costa - EI,PME,BRL,USD,24464.94,5.470908,5.575108,36.46
OP00064,2024-10-03,Bryan Siqueira,PF,BRL,EUR,3185.89,5.71774,5.903165,21.19
OP00065,2024-10-19,Ana Lívia Teixeira,PF,BRL,JPY,8912.58,0.036297,0.037543,28.91
OP00066,2024-08-30,Cardoso Ribeiro - ME,PME,BRL,USD,29708.65,5.415753,5.496516,41.71
OP00067,2024-02-19,da Luz Moura - EI,PME,BRL,USD,29321.3,5.311892,5.429689,41.32
OP00068,2024-07-29,Cunha,PME,BRL,USD,84709.45,5.374124,5.471254,96.71
OP00069,2024-12-10,Gabriela Silva,PF,BRL,GBP,5039.16,7.100588,7.348013,27.04
OP00070,2024-02-01,Guerra,PME,BRL,EUR,21502.73,5.84596,6.032733,39.5
OP00071,2024-02-25,Maria Fernanda Macedo,PF,BRL,USD,2629.79,5.452107,5.570884,14.63
OP00072,2024-08-17,Milena Campos,PF,BRL,USD,4641.13,5.479957,5.601063,16.64
OP00073,2024-08-24,Henry Gabriel Azevedo,PF,BRL,USD,3008.26,5.236396,5.344861,15.01
OP00074,2024-08-14,Sr. Yuri da Conceição,PF,BRL,JPY,2868.56,0.035631,0.036774,22.87
OP00075,2024-02-20,Abreu Barbosa e Filhos,PME,BRL,ARS,55474.95,0.006046,0.006361,63.47
OP00076,2024-01-08,Ana Liz da Conceição,PF,BRL,JPY,5743.16,0.035418,0.036898,25.74
OP00077,2024-05-01,Andrade Ltda.,Corporate,BRL,JPY,517771.14,0.035177,0.036558,537.77
OP00078,2024-04-19,Théo da Costa,PF,BRL,EUR,8439.36,5.974745,6.163246,26.44
OP00079,2024-03-25,Rios,PME,BRL,JPY,21876.68,0.035325,0.036658,41.88
OP00080,2024-05-15,Hadassa Nogueira,PF,BRL,JPY,6002.09,0.036185,0.037634,26.0
OP00081,2024-05-26,Silveira Oliveira - EI,Corporate,BRL,GBP,681050.67,7.431677,7.730126,703.05
OP00082,2024-10-11,Isabelly Viana,PF,BRL,JPY,11111.35,0.036712,0.038086,31.11
OP00083,2024-04-07,Jesus,PME,BRL,EUR,41382.64,5.938799,6.087338,59.38
OP00084,2024-10-23,Calebe Brito,PF,BRL,JPY,5520.41,0.035384,0.036106,25.52
OP00085,2024-06-09,Fogaça,PME,BRL,USD,200500.78,5.198335,5.270792,212.5
OP00086,2024-09-14,Maria Sophia Martins,PF,BRL,EUR,3899.0,5.859383,5.966299,21.9
OP00087,2024-01-30,Rocha e Filhos,Corporate,BRL,EUR,376699.95,5.977407,6.097201,394.7
OP00088,2024-04-05,Araújo - ME,Corporate,BRL,USD,1275171.79,5.413884,5.484751,1287.17
OP00089,2024-04-30,Sra. Bianca da Cruz,PF,BRL,USD,3225.92,5.423378,5.483687,15.23
OP00090,2024-10-18,Gabriel Nascimento,PF,BRL,JPY,20965.11,0.037327,0.038592,40.97
OP00091,2024-11-13,Cecilia Lima,PF,BRL,EUR,1483.42,5.871815,6.067955,19.48
OP00092,2024-10-16,João Lucas Martins,PF,BRL,EUR,3829.52,5.654712,5.762542,21.83
OP00093,2024-04-14,Breno Macedo,PF,BRL,JPY,6769.52,0.036623,0.037676,26.77
OP00094,2024-05-15,Aragão e Filhos,PME,BRL,USD,40914.1,5.365673,5.438125,52.91
OP00095,2024-06-02,Alice Borges,PF,BRL,EUR,14421.36,5.897383,6.078456,32.42
OP00096,2024-02-07,Enzo Jesus,PF,BRL,JPY,6270.25,0.037189,0.038427,26.27
OP00097,2024-10-15,Rafaela Cunha,PF,BRL,EUR,2009.36,5.793345,5.935974,20.01
OP00098,2024-04-19,Araújo,Corporate,BRL,USD,433621.89,5.602177,5.667577,445.62
OP00099,2024-06-27,Mateus Abreu,PF,BRL,USD,715.11,5.289366,5.355898,12.72
OP00100,2024-07-08,da Luz,PME,BRL,ARS,15105.31,0.005844,0.006158,23.11
OP00101,2024-10-05,Laura Lima,PF,BRL,USD,3839.77,5.41412,5.495307,15.84
OP00102,2024-11-30,Cassiano,PME,BRL,EUR,51786.44,6.124716,6.336814,69.79
OP00103,2024-10-10,Juan Cunha,PF,BRL,EUR,2774.67,5.904066,6.01572,20.77
OP00104,2024-03-09,Vitor Hugo Araújo,PF,BRL,EUR,4428.07,5.857125,6.028244,22.43
OP00105,2024-10-10,Sra. Ana Laura Aragão,PF,BRL,ARS,5352.42,0.006079,0.006355,13.35
OP00106,2024-04-17,Pietra Montenegro,PF,BRL,USD,3456.85,5.628022,5.723965,15.46
OP00107,2024-11-20,Araújo Moraes S/A,PME,BRL,USD,45647.64,5.463538,5.583923,57.65
OP00108,2024-05-08,Azevedo Peixoto S/A,PME,BRL,EUR,37343.67,5.874289,6.014564,55.34
OP00109,2024-02-17,Guerra Campos - EI,Corporate,BRL,ARS,351071.27,0.006102,0.00632,359.07
OP00110,2024-01-23,Pacheco Peixoto S/A,PME,BRL,ARS,88520.1,0.006174,0.006564,96.52
OP00111,2024-11-22,Anna Liz Leão,PF,BRL,GBP,8142.97,6.986889,7.180907,30.14
OP00112,2024-08-14,da Luz,Corporate,BRL,USD,696209.28,5.323306,5.430741,708.21
OP00113,2024-01-05,Rios Silva Ltda.,PME,BRL,USD,49376.87,5.412671,5.493667,61.38
OP00114,2024-12-19,João Gonçalves,PF,BRL,JPY,3346.5,0.036837,0.038327,23.35
OP00115,2024-07-08,Rios Ramos Ltda.,Corporate,BRL,EUR,438780.54,5.978557,6.172964,456.78
OP00116,2024-03-06,Dias,PME,BRL,USD,39145.04,5.428255,5.544043,51.15
OP00117,2024-01-21,Anthony Marques,PF,BRL,USD,10943.28,5.402268,5.47974,22.94
OP00118,2024-05-07,Barbosa - EI,PME,BRL,USD,43314.53,5.492229,5.550612,55.31
OP00119,2024-10-13,Montenegro da Luz S.A.,PME,BRL,USD,60735.16,5.385945,5.503936,72.74
OP00120,2024-11-13,Azevedo,PME,BRL,USD,157498.13,5.515045,5.602631,169.5
OP00121,2024-05-01,Freitas da Paz S.A.,PME,BRL,JPY,27341.69,0.035126,0.036344,47.34
OP00122,2024-03-31,Nogueira,PME,BRL,JPY,79394.57,0.03648,0.03784,99.39
OP00123,2024-06-19,Pimenta,PME,BRL,USD,49633.94,5.303097,5.362442,61.63
OP00124,2024-12-08,Rios - EI,PME,BRL,USD,14267.9,5.591207,5.709475,26.27
OP00125,2024-05-16,Ribeiro,PME,BRL,ARS,30469.45,0.005961,0.006179,38.47
OP00126,2024-07-14,Davi Luiz da Luz,PF,BRL,GBP,7226.41,7.087388,7.253424,29.23
OP00127,2024-04-23,Caldeira e Filhos,PME,BRL,ARS,57916.54,0.005939,0.006142,65.92
OP00128,2024-06-28,Daniela da Mata,PF,BRL,JPY,6992.96,0.036628,0.037413,26.99
OP00129,2024-04-26,Gustavo Henrique Silva,PF,BRL,GBP,2097.17,6.70577,6.977402,24.1
OP00130,2024-07-23,Sr. João Montenegro,PF,BRL,EUR,3356.51,6.009133,6.124328,21.36
OP00131,2024-05-22,Isis Aragão,PF,BRL,ARS,6025.39,0.006177,0.006466,14.03
OP00132,2024-12-13,Otávio da Mota,PF,BRL,EUR,4170.53,5.849466,6.00666,22.17
OP00133,2024-01-15,Abreu Ltda.,Corporate,BRL,EUR,606824.26,5.753214,5.939738,624.82
OP00134,2024-04-01,João Castro,PF,BRL,JPY,6719.74,0.036064,0.037074,26.72
OP00135,2024-01-20,Novaes,PME,BRL,JPY,75649.39,0.035711,0.03659,95.65
OP00136,2024-06-09,Sra. Alexia Camargo,PF,BRL,USD,5213.39,5.506218,5.629643,17.21
OP00137,2024-02-29,Dom Nogueira,PF,BRL,JPY,5301.79,0.035443,0.036907,25.3
OP00138,2024-05-10,Léo Pacheco,PF,BRL,EUR,19587.56,5.897529,6.0828,37.59
OP00139,2024-09-23,Clara Lopes,PF,BRL,USD,18198.65,5.317126,5.410238,30.2
OP00140,2024-12-09,Aparecida das Neves Ltda.,Corporate,BRL,EUR,467803.78,5.964228,6.142574,485.8
OP00141,2024-12-06,Luiz Henrique Costela,PF,BRL,USD,3021.05,5.335266,5.420974,15.02
OP00142,2024-12-05,Rios Caldeira Ltda.,Corporate,BRL,EUR,929055.37,5.638215,5.745649,947.06
OP00143,2024-06-02,Pinto,PME,BRL,GBP,61379.54,7.158912,7.36243,83.38
OP00144,2024-06-16,Srta. Isabela Castro,PF,BRL,EUR,7044.49,5.963551,6.087309,25.04
OP00145,2024-03-06,Noah Alves,PF,BRL,USD,2264.37,5.597798,5.71923,14.26
OP00146,2024-07-13,Lucas Gabriel Viana,PF,BRL,EUR,4783.97,5.81698,6.013077,22.78
OP00147,2024-11-11,Rios,PME,BRL,JPY,17888.22,0.036975,0.038503,37.89
OP00148,2024-01-01,da Mata Castro e Filhos,PME,BRL,USD,58992.13,5.430102,5.517659,70.99
OP00149,2024-10-23,Mateus Andrade,PF,BRL,USD,1920.88,5.335267,5.394897,13.92
OP00150,2024-08-14,Câmara,PME,BRL,USD,58419.9,5.432654,5.55487,70.42
OP00151,2024-08-30,Raul Ferreira,PF,BRL,USD,5015.76,5.405074,5.511704,17.02
OP00152,2024-03-27,Vieira,PME,BRL,JPY,41438.43,0.034849,0.035633,61.44
OP00153,2024-12-05,Câmara Alves e Filhos,PME,BRL,USD,53742.3,5.455559,5.527811,65.74
OP00154,2024-04-30,Guerra Farias Ltda.,PME,BRL,USD,94470.83,5.566468,5.64884,106.47
OP00155,2024-04-11,Vargas Ltda.,PME,BRL,USD,61032.8,5.319163,5.408225,73.03
OP00156,2024-08-31,Dr. Vitor Gabriel Farias,PF,BRL,USD,5356.74,5.567536,5.68293,17.36
OP00157,2024-08-21,Camargo Ltda.,PME,BRL,GBP,172168.17,7.142237,7.442494,194.17
OP00158,2024-04-09,João Andrade,PF,BRL,EUR,2710.7,5.818516,5.923689,20.71
OP00159,2024-07-23,Peixoto - ME,PME,BRL,USD,73644.43,5.547812,5.652937,85.64
OP00160,2024-01-03,Dr. Pedro Henrique Pereira,PF,BRL,EUR,3854.52,5.80995,5.913314,21.85
OP00161,2024-02-24,Gomes - EI,PME,BRL,ARS,94356.27,0.005789,0.006053,102.36
OP00162,2024-12-22,da Cunha Aparecida e Filhos,PME,BRL,USD,85085.88,5.385196,5.464246,97.09
OP00163,2024-05-07,Agatha Moreira,PF,BRL,USD,12315.42,5.408002,5.49052,24.32
OP00164,2024-03-09,Fonseca Lopes S/A,Corporate,BRL,USD,901028.17,5.435716,5.554727,913.03
OP00165,2024-10-13,Pinto,PME,BRL,EUR,17993.19,5.843501,5.999421,35.99
OP00166,2024-08-14,Ribeiro,PME,BRL,JPY,49814.37,0.03629,0.037269,69.81
OP00167,2024-09-15,Silveira Ltda.,PME,BRL,GBP,22858.92,6.992415,7.151987,44.86
OP00168,2024-08-16,Luana Rios,PF,BRL,JPY,2582.32,0.036351,0.037345,22.58
OP00169,2024-08-31,Duarte,PME,BRL,GBP,48154.55,7.03181,7.292137,70.15
OP00170,2024-11-22,Laís Novaes,PF,BRL,GBP,3824.5,6.834357,6.984582,25.82
OP00171,2024-09-05,Gael Leão,PF,BRL,GBP,3637.45,6.790584,6.962034,25.64
OP00172,2024-02-09,Rocha,PME,BRL,USD,21148.51,5.379314,5.459311,33.15
OP00173,2024-06-20,Pimenta Nunes Ltda.,PME,BRL,USD,162529.27,5.403808,5.463097,174.53
OP00174,2024-03-11,Agatha da Rosa,PF,BRL,EUR,6808.63,5.990942,6.10558,24.81
OP00175,2024-03-19,Gustavo Henrique Lopes,PF,BRL,USD,4674.12,5.376135,5.484595,16.67
OP00176,2024-07-27,Martins,PME,BRL,USD,32142.39,5.462586,5.533666,44.14
OP00177,2024-02-01,Melina Rocha,PF,BRL,EUR,4239.34,5.580675,5.747342,22.24
OP00178,2024-10-26,Thomas Melo,PF,BRL,USD,3433.31,5.16325,5.263777,15.43
OP00179,2024-10-21,Ribeiro Barros Ltda.,Corporate,BRL,USD,706654.79,5.433615,5.524031,718.65
OP00180,2024-06-29,Lívia Borges,PF,BRL,USD,2790.1,5.408584,5.494413,14.79
OP00181,2024-08-02,Leonardo Câmara,PF,BRL,USD,1907.07,5.421974,5.496423,13.91
OP00182,2024-11-04,Diogo Alves,PF,BRL,GBP,4469.58,6.893405,7.091452,26.47
OP00183,2024-05-19,da Cruz - ME,PME,BRL,EUR,33922.53,5.723459,5.837329,51.92
OP00184,2024-06-21,Ana Sophia Marques,PF,BRL,USD,5699.46,5.498341,5.600881,17.7
OP00185,2024-03-25,Pires,PME,BRL,GBP,49761.39,7.104232,7.268241,71.76
OP00186,2024-11-14,Silva Sampaio - ME,PME,BRL,JPY,207809.26,0.03673,0.038063,227.81
OP00187,2024-10-30,Maria Liz da Cruz,PF,BRL,JPY,2683.41,0.035863,0.036794,22.68
OP00188,2024-11-25,Rezende Sales S/A,PME,BRL,USD,115522.14,5.258558,5.349791,127.52
OP00189,2024-04-03,Otávio Câmara,PF,BRL,ARS,2160.41,0.006068,0.006281,10.16
OP00190,2024-04-18,Valentim Martins,PF,BRL,USD,3798.37,5.332393,5.398665,15.8
OP00191,2024-07-13,Josué Campos,PF,BRL,USD,3504.34,5.306689,5.37345,15.5
OP00192,2024-08-03,Catarina Martins,PF,BRL,JPY,1113.81,0.036493,0.038011,21.11
OP00193,2024-01-10,Vitória Novais,PF,BRL,USD,4332.17,5.301983,5.419335,16.33
OP00194,2024-06-28,Sá,PME,BRL,USD,57651.58,5.429546,5.50336,69.65
OP00195,2024-11-29,Sofia Lima,PF,BRL,USD,6753.01,5.294424,5.409062,18.75
OP00196,2024-05-06,Melissa Castro,PF,BRL,USD,17037.73,5.574918,5.652185,29.04
OP00197,2024-03-19,Sra. Milena da Luz,PF,BRL,USD,3359.74,5.461625,5.540186,15.36
OP00198,2024-02-28,João Guilherme Vargas,PF,BRL,EUR,5913.82,5.529308,5.652878,23.91
OP00199,2024-12-24,Pires,PME,BRL,USD,58431.58,5.302334,5.376373,70.43
OP00200,2024-11-06,João Guilherme Macedo,PF,BRL,USD,2524.27,5.428916,5.517264,14.52
OP00201,2024-02-28,Silva Ltda.,PME,BRL,GBP,33815.57,6.906541,7.107373,55.82
OP00202,2024-06-08,da Mata Farias Ltda.,PME,BRL,USD,34842.64,5.482107,5.584502,46.84
OP00203,2024-06-08,Anna Liz Carvalho,PF,BRL,USD,6871.07,5.555689,5.645463,18.87
OP00204,2024-07-11,da Conceição Gomes e Filhos,PME,BRL,JPY,17285.66,0.035257,0.036682,37.29
OP00205,2024-02-08,Heitor Azevedo,PF,BRL,GBP,6247.15,6.81665,7.113312,28.25
OP00206,2024-05-04,Jesus,PME,BRL,ARS,67010.51,0.00619,0.006573,75.01
OP00207,2024-12-16,Dr. Oliver Araújo,PF,BRL,GBP,6122.68,6.843161,7.019982,28.12
OP00208,2024-10-16,Leão Gomes - EI,PME,BRL,USD,41303.03,5.365542,5.474328,53.3
OP00209,2024-08-07,Teixeira - EI,PME,BRL,USD,59494.74,5.624143,5.707414,71.49
OP00210,2024-11-27,Mendes,PME,BRL,USD,42516.87,5.502343,5.614036,54.52
OP00211,2024-09-07,Luiz Gustavo da Rosa,PF,BRL,ARS,1471.91,0.005879,0.006162,9.47
OP00212,2024-11-21,Mariah Nascimento,PF,BRL,JPY,9397.03,0.035393,0.036485,29.4
OP00213,2024-03-19,Mendonça Câmara Ltda.,PME,BRL,EUR,60835.86,5.824365,5.97101,78.84
OP00214,2024-11-29,Raquel Alves,PF,BRL,GBP,8541.05,6.913196,7.161945,30.54
OP00215,2024-10-02,Maitê Rios,PF,BRL,ARS,2059.14,0.006137,0.006361,10.06
OP00216,2024-10-30,Silveira,PME,BRL,EUR,67873.78,5.995937,6.164838,85.87
OP00217,2024-02-14,Ravi Lucca Cardoso,PF,BRL,ARS,5576.48,0.00603,0.006253,13.58
OP00218,2024-08-25,Yasmin Alves,PF,BRL,EUR,2597.64,5.754411,5.940733,20.6
OP00219,2024-06-21,Pastor,PME,BRL,EUR,52193.75,5.794114,5.983866,70.19
OP00220,2024-04-03,Amanda Barros,PF,BRL,ARS,4058.94,0.006099,0.006471,12.06
OP00221,2024-05-12,Mariane Carvalho,PF,BRL,USD,4252.53,5.294294,5.400537,16.25
OP00222,2024-12-25,Emilly Aragão,PF,BRL,ARS,3868.99,0.005934,0.006275,11.87
OP00223,2024-09-21,Garcia,PME,BRL,EUR,84249.83,6.00861,6.197154,102.25
OP00224,2024-07-27,Cunha,Corporate,BRL,USD,187781.16,5.430344,5.50989,199.78
OP00225,2024-12-19,Lunna Fernandes,PF,BRL,GBP,1719.8,7.106454,7.334487,23.72
OP00226,2024-08-17,Lara Sá,PF,BRL,GBP,5572.01,7.264813,7.523984,27.57
OP00227,2024-04-23,da Cunha,PME,BRL,USD,53391.94,5.478383,5.581704,65.39
OP00228,2024-12-05,Ravy Almeida,PF,BRL,USD,5694.81,5.447749,5.514922,17.69
OP00229,2024-09-28,Ferreira S.A.,PME,BRL,EUR,154661.32,6.007414,6.163502,172.66
OP00230,2024-10-08,Ana Lívia Vasconcelos,PF,BRL,JPY,5583.23,0.036072,0.037527,25.58
OP00231,2024-05-18,Ana Cecília Sá,PF,BRL,GBP,2761.23,6.882641,7.189856,24.76
OP00232,2024-04-08,Josué Costa,PF,BRL,USD,22934.73,5.456587,5.540007,34.93
OP00233,2024-12-19,Eduardo da Costa,PF,BRL,GBP,4547.75,6.84109,7.11657,26.55
OP00234,2024-09-04,Renan Rios,PF,BRL,USD,8337.69,5.14936,5.260268,20.34
OP00235,2024-09-25,Henrique Martins,PF,BRL,EUR,2305.88,5.698476,5.882252,20.31
OP00236,2024-04-09,Vargas,PME,BRL,JPY,20294.79,0.035812,0.036877,40.29
OP00237,2024-06-03,Sr. Danilo Vasconcelos,PF,BRL,USD,4314.55,5.370546,5.459055,16.31
OP00238,2024-05-20,Leonardo Caldeira,PF,BRL,EUR,8101.92,5.831606,5.975926,26.1
OP00239,2024-05-29,Amanda das Neves,PF,BRL,USD,15162.29,5.521669,5.580514,27.16
OP00240,2024-09-08,Gonçalves,PME,BRL,USD,27158.98,5.4558,5.576007,39.16
OP00241,2024-05-25,Srta. Ana Vitória Pastor,PF,BRL,USD,4255.04,5.280495,5.341348,16.26
OP00242,2024-04-04,Dra. Isabelly Caldeira,PF,BRL,USD,5002.1,5.417092,5.512675,17.0
OP00243,2024-09-01,Rodrigues,Corporate,BRL,USD,504196.3,5.397394,5.467662,516.2
OP00244,2024-09-08,Bárbara Vieira,PF,BRL,USD,4667.07,5.416744,5.486015,16.67
OP00245,2024-01-28,Ana Cecília Ferreira,PF,BRL,EUR,4902.7,5.786419,5.953049,22.9
OP00246,2024-06-04,Mariane Ribeiro,PF,BRL,ARS,11502.76,0.005681,0.00595,19.5
OP00247,2024-10-12,Sr. Thiago Ramos,PF,BRL,USD,10560.17,5.176074,5.240065,22.56
OP00248,2024-11-12,Albuquerque,PME,BRL,EUR,59497.15,5.820186,6.032171,77.5
OP00249,2024-08-18,Rebeca Caldeira,PF,BRL,EUR,2148.85,5.758995,5.933953,20.15
OP00250,2024-10-28,Fonseca,Corporate,BRL,USD,402410.82,5.392484,5.45921,414.41
OP00251,2024-11-13,Santos,Corporate,BRL,USD,876568.75,5.537328,5.59727,888.57
OP00252,2024-02-20,Pedro Henrique Cavalcanti,PF,BRL,JPY,3276.43,0.035476,0.036705,23.28
OP00253,2024-04-18,Pimenta,Corporate,BRL,USD,364999.48,5.452852,5.552819,377.0
OP00254,2024-05-02,Rafaela Martins,PF,BRL,USD,4051.26,5.375245,5.44737,16.05
OP00255,2024-01-02,Juliana Duarte,PF,BRL,USD,7660.01,5.44798,5.55946,19.66
OP00256,2024-08-28,Caio da Mota,PF,BRL,EUR,13427.12,5.732171,5.855984,31.43
OP00257,2024-12-27,Isabelly Sá,PF,BRL,USD,7137.04,5.366569,5.423755,19.14
OP00258,2024-02-06,Maria Helena Fernandes,PF,BRL,ARS,1835.97,0.006212,0.006607,9.84
OP00259,2024-11-16,Monteiro Ltda.,PME,BRL,JPY,36539.33,0.036755,0.037689,56.54
OP00260,2024-04-11,Mendonça Cunha Ltda.,PME,BRL,ARS,110110.34,0.00579,0.006028,118.11
OP00261,2024-11-27,Luigi da Mota,PF,BRL,EUR,2319.1,6.055311,6.228135,20.32
OP00262,2024-03-13,Kamilly Novais,PF,BRL,USD,1746.05,5.341148,5.45802,13.75
OP00263,2024-06-06,Valentim Correia,PF,BRL,USD,3605.59,5.443107,5.556986,15.61
OP00264,2024-05-27,da Costa e Filhos,PME,BRL,ARS,89578.61,0.005996,0.006358,97.58
OP00265,2024-06-04,Rebeca Novais,PF,BRL,EUR,4019.95,5.843337,5.976995,22.02
OP00266,2024-09-13,Sales Melo e Filhos,PME,BRL,JPY,182211.25,0.036484,0.03741,202.21
OP00267,2024-11-02,Sra. Melissa Vieira,PF,BRL,USD,5539.79,5.38013,5.500176,17.54
OP00268,2024-06-14,Caleb da Rocha,PF,BRL,USD,2307.97,5.410888,5.485383,14.31
OP00269,2024-04-27,Guerra Sales S.A.,PME,BRL,USD,56234.48,5.294336,5.367338,68.23
OP00270,2024-10-21,Ribeiro,Corporate,BRL,ARS,1665619.7,0.006086,0.00646,1673.62
OP00271,2024-12-10,Melo,PME,BRL,USD,58302.26,5.506131,5.603624,70.3
OP00272,2024-03-30,Lima,PME,BRL,EUR,27378.78,5.909705,6.121203,45.38
OP00273,2024-05-22,Dra. Luísa Fogaça,PF,BRL,EUR,1656.84,5.700289,5.859204,19.66
OP00274,2024-11-21,Sra. Júlia das Neves,PF,BRL,EUR,4057.76,5.873231,6.046862,22.06
OP00275,2024-08-28,da Conceição,PME,BRL,JPY,34643.58,0.034987,0.035899,54.64
OP00276,2024-12-09,Gael Dias,PF,BRL,USD,11181.1,5.304552,5.379163,23.18
OP00277,2024-07-29,Vitor Gabriel Teixeira,PF,BRL,USD,2828.65,5.684297,5.789252,14.83
OP00278,2024-07-24,Correia Cunha e Filhos,PME,BRL,USD,52942.98,5.419336,5.490217,64.94
OP00279,2024-08-20,da Mota,PME,BRL,EUR,35397.47,5.864275,6.025116,53.4
OP00280,2024-02-29,Dra. Valentina Peixoto,PF,BRL,USD,1814.31,5.506609,5.61537,13.81
OP00281,2024-09-20,Brito,Corporate,BRL,USD,489612.86,5.591246,5.696142,501.61
OP00282,2024-10-04,da Rocha da Conceição Ltda.,PME,BRL,USD,19633.78,5.356759,5.465658,31.63
OP00283,2024-09-22,Kevin Albuquerque,PF,BRL,USD,7307.36,5.505036,5.580817,19.31
OP00284,2024-11-16,Dra. Carolina da Mota,PF,BRL,GBP,1736.23,7.057891,7.22162,23.74
OP00285,2024-05-16,Benjamim Novaes,PF,BRL,USD,4781.61,5.467033,5.536582,16.78
OP00286,2024-08-12,Davi Lucas Porto,PF,BRL,JPY,9470.48,0.036086,0.037385,29.47
OP00287,2024-01-15,Caldeira,PME,BRL,EUR,69958.15,5.976451,6.163786,87.96
OP00288,2024-05-02,Oliveira Ltda.,Corporate,BRL,EUR,380833.21,5.924054,6.085713,398.83
OP00289,2024-01-08,Mendes,PME,BRL,USD,64702.12,5.42243,5.491115,76.7
OP00290,2024-02-28,Fernandes,PME,BRL,USD,81704.89,5.414456,5.473513,93.7
OP00291,2024-03-19,Benjamim da Cunha,PF,BRL,USD,2613.8,5.513741,5.632798,14.61
OP00292,2024-09-17,Bruna Azevedo,PF,BRL,GBP,9844.17,6.888903,7.173202,31.84
OP00293,2024-09-04,Mendonça,PME,BRL,USD,87794.01,5.344267,5.402755,99.79
OP00294,2024-10-09,Oliveira e Filhos,Corporate,BRL,USD,215188.02,5.454112,5.519271,227.19
OP00295,2024-11-02,Ana Júlia Cassiano,PF,BRL,USD,5712.85,5.348295,5.426265,17.71
OP00296,2024-02-05,Kevin Barros,PF,BRL,ARS,4275.16,0.006016,0.006274,12.28
OP00297,2024-07-31,Dante Novais,PF,BRL,GBP,11912.93,6.927125,7.125588,33.91
OP00298,2024-05-16,Heloisa Vasconcelos,PF,BRL,GBP,8415.68,6.939058,7.187342,30.42
OP00299,2024-06-01,Machado,PME,BRL,USD,52530.47,5.515072,5.635129,64.53
OP00300,2024-12-03,da Rosa,PME,BRL,EUR,104159.73,5.770038,5.917397,122.16
OP00301,2024-10-02,Mariane das Neves,PF,BRL,USD,19861.37,5.360813,5.473305,31.86
OP00302,2024-10-05,Ana Liz Pimenta,PF,BRL,USD,1822.75,5.210071,5.310891,13.82
OP00303,2024-04-06,Srta. Giovanna Pires,PF,BRL,JPY,3885.79,0.035797,0.036783,23.89
OP00304,2024-07-15,da Luz Ribeiro S/A,Corporate,BRL,USD,273400.72,5.286502,5.35683,285.4
OP00305,2024-01-23,Isaque Cavalcanti,PF,BRL,GBP,4897.02,6.932322,7.141843,26.9
OP00306,2024-07-14,Ana Vitória Castro,PF,BRL,EUR,2630.28,5.929867,6.146303,20.63
OP00307,2024-11-29,Nicolas Machado,PF,BRL,EUR,9025.3,5.824963,6.03696,27.03
OP00308,2024-01-19,da Rocha,Corporate,BRL,EUR,1999078.8,5.772324,5.892623,2017.08
OP00309,2024-06-18,Igor da Paz,PF,BRL,JPY,5525.14,0.036355,0.037562,25.53
OP00310,2024-08-13,Sampaio,PME,BRL,ARS,19492.83,0.006009,0.006236,27.49
OP00311,2024-01-08,Ana Sophia Rodrigues,PF,BRL,JPY,3440.28,0.0356,0.036919,23.44
OP00312,2024-12-01,da Luz Viana e Filhos,PME,BRL,USD,37130.61,5.381844,5.50094,49.13
OP00313,2024-05-15,Lima Camargo - EI,Corporate,BRL,USD,1172520.1,5.338359,5.438999,1184.52
OP00314,2024-11-28,Dom da Mata,PF,BRL,EUR,6144.82,5.805943,5.933609,24.14
OP00315,2024-12-11,Brayan Araújo,PF,BRL,USD,5647.38,5.2363,5.328539,17.65
OP00316,2024-06-11,Vieira das Neves - EI,PME,BRL,USD,30203.47,5.417787,5.531721,42.2
OP00317,2024-09-06,Macedo,PME,BRL,ARS,34617.17,0.005953,0.006331,42.62
OP00318,2024-02-05,Martins e Filhos,PME,BRL,USD,69277.66,5.51703,5.611428,81.28
OP00319,2024-05-27,Nathan da Mata,PF,BRL,EUR,4496.37,5.756599,5.900248,22.5
OP00320,2024-08-10,Macedo,Corporate,BRL,GBP,849857.43,6.768806,6.991507,871.86
OP00321,2024-12-26,Peixoto S/A,Corporate,BRL,GBP,366515.69,6.930883,7.218022,388.52
OP00322,2024-12-21,Sousa,PME,BRL,USD,6193.73,5.306016,5.399449,18.19
OP00323,2024-06-15,Dr. Apollo Borges,PF,BRL,USD,3727.64,5.512769,5.615506,15.73
OP00324,2024-07-10,Rocha Oliveira - EI,PME,BRL,USD,18697.41,5.449955,5.564641,30.7
OP00325,2024-07-29,João Felipe Oliveira,PF,BRL,USD,7126.58,5.51974,5.634037,19.13
OP00326,2024-03-28,Teixeira S.A.,PME,BRL,GBP,63777.06,6.998671,7.286235,85.78
OP00327,2024-07-14,Stella Rezende,PF,BRL,EUR,9482.45,5.986808,6.165647,27.48
OP00328,2024-10-25,da Mota,PME,BRL,USD,33869.27,5.451901,5.566775,45.87
OP00329,2024-05-10,Pedro Henrique Porto,PF,BRL,EUR,4522.96,5.867166,6.009165,22.52
OP00330,2024-08-26,Ayla Melo,PF,BRL,EUR,3305.92,5.90791,6.107948,21.31
OP00331,2024-03-21,Jesus,Corporate,BRL,EUR,508698.24,5.999579,6.105338,526.7
OP00332,2024-10-27,Dr. Cauã Castro,PF,BRL,JPY,8166.9,0.034928,0.03638,28.17
OP00333,2024-12-19,Dr. Thales da Paz,PF,BRL,JPY,2211.18,0.036537,0.037772,22.21
OP00334,2024-04-11,Maria Liz Teixeira,PF,BRL,ARS,12262.16,0.006026,0.006239,20.26
OP00335,2024-02-24,Marques S/A,Corporate,BRL,ARS,580702.34,0.006189,0.006599,588.7
OP00336,2024-10-21,Dr. Lorenzo Camargo,PF,BRL,EUR,10327.67,5.681345,5.886672,28.33
OP00337,2024-01-12,Sophie Abreu,PF,BRL,EUR,3825.07,5.872709,6.010831,21.83
OP00338,2024-05-20,Jesus,Corporate,BRL,EUR,402153.45,5.870433,6.041517,420.15
OP00339,2024-01-26,Gabriel Moreira,PF,BRL,ARS,10241.68,0.005817,0.00601,18.24
OP00340,2024-05-26,Pinto,Corporate,BRL,GBP,623201.22,6.827439,6.974844,645.2
OP00341,2024-06-29,Pires,PME,BRL,USD,127911.35,5.392899,5.493744,139.91
OP00342,2024-05-08,Ana Júlia Costela,PF,BRL,USD,1801.9,5.356099,5.476426,13.8
OP00343,2024-12-03,Novaes,PME,BRL,GBP,20972.55,6.596565,6.760997,42.97
OP00344,2024-02-19,da Paz Macedo e Filhos,PME,BRL,USD,73788.64,5.506629,5.579037,85.79
OP00345,2024-06-07,Campos,Corporate,BRL,EUR,578760.37,5.784003,5.960937,596.76
OP00346,2024-07-05,Pires - EI,PME,BRL,USD,43753.66,5.276128,5.391271,55.75
OP00347,2024-05-31,Santos Castro Ltda.,PME,BRL,USD,151412.09,5.284431,5.36513,163.41
OP00348,2024-04-12,Alice Novaes,PF,BRL,USD,8569.17,5.377691,5.448996,20.57
OP00349,2024-07-06,Ayla Câmara,PF,BRL,EUR,2359.65,6.01892,6.228301,20.36
OP00350,2024-03-25,Ravi Campos,PF,BRL,JPY,6771.61,0.035979,0.036834,26.77
OP00351,2024-09-03,Daniela Monteiro,PF,BRL,ARS,6141.53,0.006055,0.006414,14.14
OP00352,2024-06-22,Moraes,Corporate,BRL,USD,658895.87,5.465612,5.564073,670.9
OP00353,2024-02-08,Leão,PME,BRL,EUR,56257.29,5.932953,6.131296,74.26
OP00354,2024-12-12,Olivia da Cruz,PF,BRL,JPY,2693.95,0.035964,0.03677,22.69
OP00355,2024-10-12,Novaes,PME,BRL,JPY,33320.99,0.037297,0.038196,53.32
OP00356,2024-01-08,Matheus Correia,PF,BRL,GBP,3205.73,6.898028,7.139234,25.21
OP00357,2024-07-07,Sophia Souza,PF,BRL,USD,8279.84,5.329517,5.405326,20.28
OP00358,2024-10-26,Azevedo da Mota - ME,PME,BRL,EUR,42346.41,5.847029,5.957824,60.35
OP00359,2024-07-09,Dr. Alexandre da Paz,PF,BRL,EUR,3811.62,5.566406,5.730617,21.81
OP00360,2024-01-13,Sra. Rebeca Cassiano,PF,BRL,USD,9240.08,5.281888,5.391865,21.24
OP00361,2024-06-16,Nascimento,PME,BRL,JPY,27989.72,0.035966,0.036866,47.99
OP00362,2024-02-02,Ferreira,Corporate,BRL,USD,2112915.16,5.397559,5.499733,2124.92
OP00363,2024-12-24,Novaes,PME,BRL,EUR,43791.71,5.853146,5.993793,61.79
OP00364,2024-03-12,Maria Flor Marques,PF,BRL,USD,2955.44,5.404067,5.483547,14.96
OP00365,2024-09-09,Sr. Isaque Oliveira,PF,BRL,USD,2741.39,5.369641,5.462592,14.74
OP00366,2024-10-02,Isabel Vasconcelos,PF,BRL,USD,9050.03,5.467317,5.537855,21.05
OP00367,2024-12-09,Ana Clara Dias,PF,BRL,EUR,11577.36,5.958182,6.066214,29.58
OP00368,2024-10-03,Santos,Corporate,BRL,EUR,1482961.19,5.891877,6.097618,1500.96
OP00369,2024-03-20,Maria Isis Ribeiro,PF,BRL,GBP,8555.32,6.987654,7.191322,30.56
OP00370,2024-09-07,Monteiro Andrade S.A.,PME,BRL,EUR,53556.81,5.961167,6.162928,71.56
OP00371,2024-05-23,Brito,PME,BRL,JPY,173673.92,0.035504,0.036619,193.67
OP00372,2024-08-15,Beatriz Moura,PF,BRL,USD,4005.73,5.422091,5.48295,16.01
OP00373,2024-07-04,Alice Silveira,PF,BRL,USD,3382.41,5.34774,5.459836,15.38
OP00374,2024-10-05,Nicolas Rezende,PF,BRL,EUR,2692.56,5.788072,5.98078,20.69
OP00375,2024-02-01,Barbosa Melo Ltda.,Corporate,BRL,EUR,492746.75,6.100646,6.275169,510.75
OP00376,2024-03-03,Dr. Bruno Farias,PF,BRL,USD,2856.25,5.481359,5.604448,14.86
OP00377,2024-02-16,Dias,Corporate,BRL,ARS,511532.02,0.006014,0.006247,519.53
OP00378,2024-11-01,Nogueira,PME,BRL,EUR,36990.81,5.874757,5.981167,54.99
OP00379,2024-06-19,Pinto S/A,Corporate,BRL,USD,428453.48,5.219793,5.328987,440.45
OP00380,2024-10-16,João Pedro da Conceição,PF,BRL,USD,8750.98,5.494301,5.580045,20.75
OP00381,2024-10-10,Srta. Maya Brito,PF,BRL,ARS,2396.43,0.005824,0.006215,10.4
OP00382,2024-04-29,Beatriz Macedo,PF,BRL,USD,1958.84,5.616188,5.724036,13.96
OP00383,2024-11-01,Kaique Alves,PF,BRL,USD,9551.01,5.395841,5.510818,21.55
OP00384,2024-03-15,Luan Vieira,PF,BRL,ARS,1876.98,0.005931,0.006244,9.88
OP00385,2024-03-30,da Rocha Ltda.,Corporate,BRL,EUR,1212612.39,6.011471,6.204813,1230.61
OP00386,2024-03-08,Dr. Diogo da Cruz,PF,BRL,ARS,6362.45,0.005918,0.006298,14.36
OP00387,2024-05-01,Maria Sophia Nunes,PF,BRL,GBP,3593.96,6.807316,7.108972,25.59
OP00388,2024-05-15,Cavalcante Cavalcanti S/A,PME,BRL,USD,60721.82,5.368519,5.456602,72.72
OP00389,2024-09-26,Maria Helena Pinto,PF,BRL,GBP,6928.19,6.848855,7.065877,28.93
OP00390,2024-08-17,Isabella Monteiro,PF,BRL,USD,1308.37,5.425402,5.520973,13.31
OP00391,2024-02-25,da Conceição Martins e Filhos,PME,BRL,EUR,40227.81,5.718999,5.929963,58.23
OP00392,2024-11-10,Raul da Cunha,PF,BRL,USD,8115.81,5.265457,5.341292,20.12
OP00393,2024-12-03,Alexia Martins,PF,BRL,GBP,3776.57,6.947818,7.255438,25.78
OP00394,2024-01-16,Yago Castro,PF,BRL,EUR,1965.8,5.81813,5.9285,19.97
OP00395,2024-07-24,Pedro Miguel Ferreira,PF,BRL,EUR,5235.86,5.69989,5.838056,23.24
OP00396,2024-12-30,Letícia Porto,PF,BRL,USD,4279.72,5.533238,5.607851,16.28
OP00397,2024-02-11,Sales,Corporate,BRL,USD,1230362.32,5.491824,5.560497,1242.36
OP00398,2024-03-05,Rafael da Rosa,PF,BRL,USD,8311.88,5.53203,5.621624,20.31
OP00399,2024-10-07,Matheus Mendes,PF,BRL,EUR,6287.72,5.900315,6.072646,24.29
OP00400,2024-11-01,da Costa - ME,PME,BRL,USD,41680.69,5.44101,5.505448,53.68
OP00401,2024-11-05,Maria Alice Oliveira,PF,BRL,EUR,4789.74,5.845645,6.010044,22.79
OP00402,2024-02-28,Juan Almeida,PF,BRL,GBP,4622.28,6.757176,7.050525,26.62
OP00403,2024-10-09,da Mota,PME,BRL,EUR,52415.59,5.616211,5.719164,70.42
OP00404,2024-08-19,Nunes e Filhos,PME,BRL,USD,54360.0,5.448874,5.562837,66.36
OP00405,2024-08-20,Pereira e Filhos,PME,BRL,USD,90997.23,5.087204,5.170462,103.0
OP00406,2024-06-09,Laura Vasconcelos,PF,BRL,GBP,2964.65,6.955668,7.106741,24.96
OP00407,2024-07-10,Luiz Gustavo Câmara,PF,BRL,EUR,9721.57,5.728331,5.851702,27.72
OP00408,2024-08-30,Pinto da Cunha e Filhos,Corporate,BRL,EUR,590252.02,5.773867,5.926153,608.25
OP00409,2024-02-17,Dra. Cecilia Pires,PF,BRL,ARS,4459.46,0.006026,0.006366,12.46
OP00410,2024-07-09,Asafe das Neves,PF,BRL,GBP,4908.19,7.17647,7.433591,26.91
OP00411,2024-10-27,Andrade,PME,BRL,EUR,56412.03,5.972927,6.081083,74.41
OP00412,2024-12-09,Siqueira,Corporate,BRL,EUR,562925.73,5.90256,6.085718,580.93
OP00413,2024-12-06,Caleb da Rocha,PF,BRL,USD,7335.14,5.276555,5.356898,19.34
OP00414,2024-01-27,Souza,Corporate,BRL,USD,314703.56,5.432036,5.531954,326.7
OP00415,2024-06-29,Cavalcanti,Corporate,BRL,EUR,481124.03,5.888465,6.094061,499.12
OP00416,2024-03-20,Davi Lucca Viana,PF,BRL,EUR,6133.7,6.017916,6.212108,24.13
OP00417,2024-02-25,Moura,PME,BRL,USD,43186.55,5.504121,5.583515,55.19
OP00418,2024-02-28,Júlia Cavalcante,PF,BRL,EUR,9370.72,5.916684,6.11043,27.37
OP00419,2024-08-07,Mendes,PME,BRL,EUR,41824.61,6.010958,6.214469,59.82
OP00420,2024-11-14,Souza,PME,BRL,JPY,53748.89,0.035259,0.035955,73.75
OP00421,2024-01-14,Camargo,PME,BRL,EUR,25900.39,5.681514,5.825958,43.9
OP00422,2024-12-21,Barbosa,PME,BRL,EUR,29397.95,6.03165,6.191331,47.4
OP00423,2024-12-25,Henry Gabriel Rocha,PF,BRL,USD,3407.78,5.257106,5.326643,15.41
OP00424,2024-06-28,Novais,PME,BRL,JPY,55359.0,0.035496,0.036723,75.36
OP00425,2024-10-16,Sr. Miguel Albuquerque,PF,BRL,ARS,3308.67,0.00627,0.006553,11.31
OP00426,2024-11-20,Nascimento,PME,BRL,USD,51806.12,5.521621,5.611348,63.81
OP00427,2024-09-28,Marques Ltda.,Corporate,BRL,USD,217210.0,5.222297,5.313489,229.21
OP00428,2024-06-23,Julia Pacheco,PF,BRL,USD,20218.73,5.478316,5.586122,32.22
OP00429,2024-06-15,Maria Fernanda Caldeira,PF,BRL,USD,7144.13,5.492169,5.612812,19.14
OP00430,2024-02-13,Melo Alves - EI,PME,BRL,EUR,42966.11,5.895874,6.108365,60.97
OP00431,2024-11-12,Pimenta,PME,BRL,USD,31805.66,5.369687,5.457376,43.81
OP00432,2024-08-14,Benício Porto,PF,BRL,USD,2965.64,5.293699,5.368803,14.97
OP00433,2024-08-14,Sampaio,PME,BRL,EUR,55698.85,6.012864,6.155526,73.7
OP00434,2024-09-19,Nicolas Camargo,PF,BRL,USD,12405.61,5.483493,5.559009,24.41
OP00435,2024-05-25,Augusto Andrade,PF,BRL,USD,2773.04,5.37574,5.443871,14.77
OP00436,2024-09-26,Monteiro,PME,BRL,EUR,27952.4,5.914471,6.080096,45.95
OP00437,2024-07-21,Brito S.A.,PME,BRL,USD,34855.2,5.434536,5.528596,46.86
OP00438,2024-04-14,Gomes Marques Ltda.,Corporate,BRL,USD,1156388.33,5.391884,5.4841,1168.39
OP00439,2024-03-11,Ágatha Leão,PF,BRL,USD,5390.15,5.353624,5.470959,17.39
OP00440,2024-03-02,Leão Rezende S/A,PME,BRL,USD,103101.61,5.441469,5.556341,115.1
OP00441,2024-03-30,Maria Luísa da Mota,PF,BRL,GBP,3281.31,6.80852,7.051336,25.28
OP00442,2024-04-27,Léo Cunha,PF,BRL,EUR,9965.11,5.814794,6.021222,27.97
OP00443,2024-06-30,Melina da Costa,PF,BRL,ARS,2370.55,0.005917,0.00627,10.37
OP00444,2024-01-22,Sr. Léo Nogueira,PF,BRL,ARS,8094.45,0.005933,0.00621,16.09
OP00445,2024-02-09,Maria Alice Araújo,PF,BRL,EUR,3337.91,5.882642,6.058987,21.34
OP00446,2024-10-20,da Mota,PME,BRL,EUR,189737.28,5.705175,5.824187,207.74
OP00447,2024-05-28,Davi Marques,PF,BRL,EUR,7313.37,5.898414,6.027205,25.31
OP00448,2024-06-15,Heitor Ramos,PF,BRL,USD,10424.81,5.575327,5.670444,22.42
OP00449,2024-08-23,Alícia Aragão,PF,BRL,JPY,3578.5,0.035014,0.036167,23.58
OP00450,2024-02-15,da Cruz,PME,BRL,JPY,60379.71,0.035998,0.036814,80.38
OP00451,2024-08-11,Gustavo Azevedo,PF,BRL,USD,3087.1,5.577025,5.664241,15.09
OP00452,2024-07-21,Pastor Cunha S.A.,PME,BRL,EUR,89824.11,5.979174,6.202347,107.82
OP00453,2024-04-23,Vasconcelos,PME,BRL,GBP,70345.08,7.124719,7.321218,92.35
OP00454,2024-09-18,Alexandre da Mota,PF,BRL,USD,2583.05,5.32318,5.40175,14.58
OP00455,2024-04-09,Cardoso Nogueira Ltda.,PME,BRL,EUR,51033.03,5.759913,5.8685,69.03
OP00456,2024-11-26,Camargo Ribeiro S/A,Corporate,BRL,USD,344301.29,5.475748,5.568727,356.3
OP00457,2024-03-15,Albuquerque Fogaça S.A.,PME,BRL,USD,60980.32,5.490021,5.582778,72.98
OP00458,2024-03-19,Luna Almeida,PF,BRL,USD,2474.1,5.266785,5.364399,14.47
OP00459,2024-03-31,da Luz Aragão S.A.,PME,BRL,EUR,136396.55,5.899025,6.057143,154.4
OP00460,2024-08-25,Moura,Corporate,BRL,EUR,529783.45,5.770336,5.981833,547.78
OP00461,2024-08-17,Souza S/A,PME,BRL,GBP,69080.78,6.772947,6.947841,91.08
OP00462,2024-11-25,Machado,PME,BRL,ARS,28877.06,0.00601,0.006297,36.88
OP00463,2024-11-17,Moraes,PME,BRL,EUR,32159.41,5.994623,6.179247,50.16
OP00464,2024-08-28,Bianca Machado,PF,BRL,USD,3629.49,5.248028,5.312731,15.63
OP00465,2024-05-20,Hellena Pimenta,PF,BRL,USD,10353.21,5.415305,5.506019,22.35
OP00466,2024-02-07,Siqueira e Filhos,PME,BRL,USD,31897.11,5.424337,5.530455,43.9
OP00467,2024-01-30,Liz Marques,PF,BRL,EUR,5417.11,5.832161,6.025442,23.42
OP00468,2024-11-26,Ana Araújo,PF,BRL,USD,2630.26,5.303907,5.38252,14.63
OP00469,2024-11-10,Guerra,PME,BRL,ARS,16614.9,0.006061,0.006339,24.61
OP00470,2024-10-24,Rodrigues,PME,BRL,USD,182266.32,5.277803,5.36588,194.27
OP00471,2024-01-22,Mendonça e Filhos,PME,BRL,GBP,49818.2,7.015712,7.330099,71.82
OP00472,2024-11-29,Ana Sophia Barros,PF,BRL,ARS,3969.07,0.006056,0.00645,11.97
OP00473,2024-09-13,Sr. Benício Cardoso,PF,BRL,EUR,5251.61,5.83843,5.985047,23.25
OP00474,2024-02-22,Yan Silva,PF,BRL,USD,7032.22,5.464756,5.542116,19.03
OP00475,2024-12-31,Garcia,PME,BRL,ARS,45017.31,0.005909,0.006132,53.02
OP00476,2024-01-21,Vitória da Rocha,PF,BRL,EUR,2684.49,6.003629,6.225837,20.68
OP00477,2024-08-12,Sofia Pereira,PF,BRL,USD,9592.44,5.451267,5.517174,21.59
OP00478,2024-07-05,Beatriz Vieira,PF,BRL,EUR,21941.16,5.814884,6.00559,39.94
OP00479,2024-07-28,Srta. Helena Lopes,PF,BRL,USD,5031.15,5.258322,5.33869,17.03
OP00480,2024-01-27,da Conceição,PME,BRL,EUR,40004.63,5.733899,5.84206,58.0
OP00481,2024-02-03,Fernandes,PME,BRL,EUR,51728.71,5.911974,6.129632,69.73
OP00482,2024-07-16,Maria Liz Leão,PF,BRL,EUR,1695.53,5.774356,5.93386,19.7
OP00483,2024-12-02,Srta. Luara Lima,PF,BRL,GBP,2845.78,6.880116,7.130413,24.85
OP00484,2024-03-17,Rios,Corporate,BRL,EUR,691370.41,5.699948,5.873819,709.37
OP00485,2024-03-13,Marcelo Cassiano,PF,BRL,EUR,4398.98,6.024415,6.13685,22.4
OP00486,2024-12-01,Azevedo,Corporate,BRL,USD,356530.1,5.355619,5.419654,368.53
OP00487,2024-10-31,Barros S/A,PME,BRL,USD,34604.42,5.367333,5.468271,46.6
OP00488,2024-10-13,Brito,PME,BRL,USD,50472.82,5.321297,5.440815,62.47
OP00489,2024-03-06,Dra. Maria Fernanda Cardoso,PF,BRL,GBP,6498.69,7.064309,7.264583,28.5
OP00490,2024-12-16,Pastor - EI,PME,BRL,ARS,67473.79,0.006275,0.006569,75.47
OP00491,2024-12-09,Rios,Corporate,BRL,USD,220187.81,5.375725,5.455894,232.19
OP00492,2024-07-04,Noah Fogaça,PF,BRL,USD,10320.41,5.365802,5.46938,22.32
OP00493,2024-06-23,Mariana Silveira,PF,BRL,JPY,3537.89,0.034134,0.034818,23.54
OP00494,2024-04-25,da Paz - EI,Corporate,BRL,EUR,839216.09,5.756816,5.873347,857.22
OP00495,2024-05-31,Fogaça,Corporate,BRL,USD,205873.35,5.419803,5.477499,217.87
OP00496,2024-10-03,Oliveira - EI,PME,BRL,USD,27537.79,5.396659,5.48881,39.54
OP00497,2024-01-20,Cassiano Ribeiro - ME,PME,BRL,ARS,102510.57,0.005981,0.006191,110.51
OP00498,2024-11-12,Caldeira Ferreira - EI,PME,BRL,ARS,24439.17,0.005995,0.006254,32.44
OP00499,2024-03-24,Sr. João Lucas Oliveira,PF,BRL,USD,4507.17,5.584865,5.668698,16.51
OP00500,2024-11-15,Paulo Novais,PF,BRL,EUR,2958.1,5.583664,5.769043,20.96
OP00501,2024-08-12,Pereira e Filhos,PME,BRL,USD,33467.65,5.51231,5.615708,45.47
OP00502,2024-05-01,Sra. Ana Cirino,PF,BRL,USD,1915.46,5.356074,5.466358,13.92
OP00503,2024-08-17,Sampaio,Corporate,BRL,EUR,1824375.52,5.779131,5.956476,1842.38
OP00504,2024-08-28,Lucca Ferreira,PF,BRL,USD,5902.43,5.486346,5.584372,17.9
OP00505,2024-12-13,Cirino S.A.,Corporate,BRL,USD,509694.02,5.318631,5.384061,521.69
OP00506,2024-08-24,Azevedo,Corporate,BRL,JPY,527313.96,0.03724,0.038537,547.31
OP00507,2024-09-14,Sousa Porto S/A,PME,BRL,GBP,40158.34,6.925486,7.082765,62.16
OP00508,2024-04-12,Vinícius Cunha,PF,BRL,JPY,3089.29,0.036935,0.037904,23.09
OP00509,2024-05-08,Leão,PME,BRL,USD,102747.17,5.329055,5.427304,114.75
OP00510,2024-07-09,Manuela Castro,PF,BRL,EUR,3813.67,5.798982,5.911876,21.81
OP00511,2024-09-21,das Neves,PME,BRL,USD,101844.33,5.477647,5.552584,113.84
OP00512,2024-03-23,Vasconcelos,PME,BRL,USD,71973.76,5.541605,5.625191,83.97
OP00513,2024-03-16,Antonella Aragão,PF,BRL,JPY,4119.9,0.035819,0.037015,24.12
OP00514,2024-04-23,Castro Sá - EI,PME,BRL,USD,73481.63,5.53226,5.625554,85.48
OP00515,2024-01-14,Rocha S/A,PME,BRL,ARS,33984.76,0.006111,0.006519,41.98
OP00516,2024-07-10,Pedro Miguel Ribeiro,PF,BRL,USD,11974.86,5.594321,5.703281,23.97
OP00517,2024-07-10,Raquel Pereira,PF,BRL,JPY,6906.17,0.036772,0.037598,26.91
OP00518,2024-02-20,Maria Vitória da Mata,PF,BRL,USD,6983.36,5.37728,5.448235,18.98
OP00519,2024-03-15,Sá Moraes S/A,PME,BRL,EUR,26712.66,5.619936,5.767673,44.71
OP00520,2024-08-29,Dr. Daniel da Paz,PF,BRL,USD,7078.79,5.415952,5.488462,19.08
OP00521,2024-12-27,Moura,PME,BRL,USD,43784.1,5.370104,5.483645,55.78
OP00522,2024-02-10,Lorena Aparecida,PF,BRL,EUR,2236.93,5.956821,6.158274,20.24
OP00523,2024-03-17,Miguel Peixoto,PF,BRL,USD,4522.95,5.430519,5.536743,16.52
OP00524,2024-09-27,André Costela,PF,BRL,GBP,10357.15,6.880674,7.145468,32.36
OP00525,2024-05-01,Heitor Vargas,PF,BRL,GBP,7442.2,7.061939,7.240312,29.44
OP00526,2024-08-02,José Miguel da Rocha,PF,BRL,USD,6081.2,5.403274,5.520788,18.08
OP00527,2024-02-02,Campos,PME,BRL,EUR,63550.56,5.773791,5.969267,81.55
OP00528,2024-11-01,Theo Souza,PF,BRL,JPY,5092.28,0.034926,0.036268,25.09
OP00529,2024-10-21,Emanuella Cardoso,PF,BRL,EUR,6017.9,6.049159,6.226441,24.02
OP00530,2024-08-07,Yasmin Santos,PF,BRL,USD,1599.89,5.40847,5.50193,13.6
OP00531,2024-10-19,Theodoro Novais,PF,BRL,USD,7857.3,5.441165,5.539843,19.86
OP00532,2024-02-13,Maria Barbosa,PF,BRL,EUR,3441.86,5.905937,6.063809,21.44
OP00533,2024-09-26,Ana Cecília Lopes,PF,BRL,USD,4410.66,5.308144,5.414842,16.41
OP00534,2024-09-16,Raul Barbosa,PF,BRL,GBP,5846.46,6.70673,6.965568,27.85
OP00535,2024-08-28,Oliveira,PME,BRL,USD,24397.8,5.448017,5.528455,36.4
OP00536,2024-07-10,Maria Luiza Santos,PF,BRL,USD,5907.53,5.55712,5.615818,17.91
OP00537,2024-02-04,Maria Vitória da Rocha,PF,BRL,USD,3122.08,5.470014,5.590337,15.12
OP00538,2024-11-17,Nathan Almeida,PF,BRL,GBP,2094.94,6.747329,6.913133,24.09
OP00539,2024-06-19,Sr. Raul Sales,PF,BRL,EUR,7712.69,5.806379,6.023693,25.71
OP00540,2024-06-22,Sr. Pedro Henrique Caldeira,PF,BRL,USD,3062.18,5.173835,5.272991,15.06
OP00541,2024-12-16,Lopes Pastor - ME,PME,BRL,USD,57216.01,5.50072,5.584322,69.22
OP00542,2024-11-19,Anna Liz Gonçalves,PF,BRL,EUR,13709.56,5.762144,5.863352,31.71
OP00543,2024-08-22,Lucca Câmara,PF,BRL,USD,2001.79,5.536359,5.647254,14.0
OP00544,2024-04-12,Sr. Breno Moraes,PF,BRL,USD,5573.97,5.309738,5.396136,17.57
OP00545,2024-06-07,Moura - EI,PME,BRL,USD,35640.21,5.419932,5.514563,47.64
OP00546,2024-10-05,Luiz Fernando Ferreira,PF,BRL,JPY,15275.15,0.037358,0.038595,35.28
OP00547,2024-11-27,Dra. Clara da Costa,PF,BRL,USD,9243.08,5.463993,5.539057,21.24
OP00548,2024-01-25,Diogo da Cunha,PF,BRL,USD,4978.92,5.54174,5.605053,16.98
OP00549,2024-03-04,Cavalcanti Pereira S.A.,PME,BRL,USD,45146.48,5.351051,5.457637,57.15
OP00550,2024-07-23,Cavalcanti e Filhos,PME,BRL,USD,88298.09,5.47366,5.56511,100.3
OP00551,2024-07-16,Martins,PME,BRL,ARS,25204.17,0.005977,0.006236,33.2
OP00552,2024-12-20,Melissa Rodrigues,PF,BRL,USD,3014.64,5.385394,5.456198,15.01
OP00553,2024-09-22,Luna Pires,PF,BRL,JPY,12397.66,0.036454,0.037984,32.4
OP00554,2024-08-05,Sr. Pedro Lucas Azevedo,PF,BRL,USD,5603.25,5.46229,5.547256,17.6
OP00555,2024-04-02,Melina Pires,PF,BRL,EUR,10402.62,5.918105,6.035678,28.4
OP00556,2024-02-10,João Guilherme Pastor,PF,BRL,USD,9953.09,5.367144,5.44822,21.95
OP00557,2024-08-16,Luiz Gustavo Montenegro,PF,BRL,USD,15489.92,5.56667,5.637443,27.49
OP00558,2024-12-19,das Neves - ME,PME,BRL,USD,21445.79,5.273157,5.330183,33.45
OP00559,2024-06-29,Ana Carolina Araújo,PF,BRL,USD,5441.04,5.209009,5.282376,17.44
OP00560,2024-11-23,da Paz,PME,BRL,USD,92925.8,5.378946,5.48977,104.93
OP00561,2024-02-08,Ramos S/A,Corporate,BRL,JPY,680459.4,0.035616,0.03668,700.46
OP00562,2024-09-19,Martins,PME,BRL,USD,25666.21,5.394422,5.456281,37.67
OP00563,2024-01-16,Machado - EI,PME,BRL,EUR,49181.33,6.057353,6.21628,67.18
OP00564,2024-08-12,Esther Duarte,PF,BRL,EUR,8580.95,5.941039,6.063889,26.58
OP00565,2024-11-26,Olívia Montenegro,PF,BRL,USD,2746.72,5.432594,5.538619,14.75
OP00566,2024-10-17,Bento Machado,PF,BRL,USD,6181.29,5.413123,5.47444,18.18
OP00567,2024-08-18,Luigi Silva,PF,BRL,USD,4708.39,5.378003,5.451361,16.71
OP00568,2024-02-09,Montenegro e Filhos,Corporate,BRL,USD,618700.66,5.37612,5.448668,630.7
OP00569,2024-07-22,Aparecida da Cruz e Filhos,PME,BRL,EUR,86502.54,5.756028,5.908533,104.5
OP00570,2024-02-28,Maysa Moura,PF,BRL,USD,3646.58,5.398486,5.459229,15.65
OP00571,2024-09-22,Eduarda Fonseca,PF,BRL,USD,1167.53,5.495477,5.576085,13.17
OP00572,2024-05-14,Dr. Mathias Jesus,PF,BRL,EUR,5798.99,5.860218,6.028426,23.8
OP00573,2024-04-19,Rocha,PME,BRL,GBP,19579.74,6.826991,7.090101,41.58
OP00574,2024-09-08,Vieira e Filhos,Corporate,BRL,USD,256818.19,5.461242,5.555634,268.82
OP00575,2024-02-07,Lívia Azevedo,PF,BRL,USD,6614.71,5.396151,5.492215,18.61
OP00576,2024-08-15,Sr. Matheus da Paz,PF,BRL,ARS,3078.33,0.005962,0.006182,11.08
OP00577,2024-06-12,Silveira,Corporate,BRL,ARS,321775.2,0.005903,0.00627,329.78
OP00578,2024-10-08,Farias Barros - EI,PME,BRL,GBP,92067.66,7.267519,7.440155,114.07
OP00579,2024-03-21,Cecília Ferreira,PF,BRL,ARS,6467.1,0.006083,0.006289,14.47
OP00580,2024-11-22,Rezende,PME,BRL,JPY,62784.75,0.037304,0.038103,82.78
OP00581,2024-04-24,Dra. Maria Júlia Cardoso,PF,BRL,USD,2627.82,5.084494,5.147996,14.63
OP00582,2024-03-12,Antonella das Neves,PF,BRL,USD,3820.61,5.617081,5.703815,15.82
OP00583,2024-07-03,Maria Flor Ramos,PF,BRL,EUR,7249.49,6.090727,6.2049,25.25
OP00584,2024-10-09,Cardoso,PME,BRL,USD,115625.77,5.406157,5.492714,127.63
OP00585,2024-02-03,Valentina Borges,PF,BRL,ARS,3393.49,0.005904,0.006125,11.39
OP00586,2024-09-02,Mariana Moraes,PF,BRL,JPY,10040.21,0.035447,0.036554,30.04
OP00587,2024-10-21,Sr. Luiz Miguel das Neves,PF,BRL,GBP,6069.56,6.865175,7.154267,28.07
OP00588,2024-11-24,Heitor Fernandes,PF,BRL,JPY,4027.53,0.036368,0.037448,24.03
OP00589,2024-09-21,Evelyn Câmara,PF,BRL,EUR,8493.52,5.840893,6.006039,26.49
OP00590,2024-10-09,Eduardo Barbosa,PF,BRL,ARS,2788.13,0.005999,0.00633,10.79
OP00591,2024-03-07,Viana,PME,BRL,USD,38714.28,5.524032,5.633448,50.71
OP00592,2024-01-29,Thiago Vargas,PF,BRL,JPY,1666.92,0.036144,0.037494,21.67
OP00593,2024-06-04,Ribeiro Ltda.,PME,BRL,EUR,153853.63,5.976366,6.176325,171.85
OP00594,2024-12-29,Caroline Peixoto,PF,BRL,USD,7914.31,5.379283,5.470173,19.91
OP00595,2024-09-22,Daniela Castro,PF,BRL,JPY,6687.75,0.035391,0.036714,26.69
OP00596,2024-05-08,Sales Vargas - EI,PME,BRL,ARS,82459.51,0.005949,0.00633,90.46
OP00597,2024-05-20,Pedro Lucas Aparecida,PF,BRL,JPY,4090.11,0.035709,0.036556,24.09
OP00598,2024-09-30,Maria Clara Rocha,PF,BRL,USD,5978.84,5.482178,5.549747,17.98
OP00599,2024-10-30,Srta. Melina Pimenta,PF,BRL,EUR,17235.18,5.725099,5.834845,35.24
OP00600,2024-12-03,Sá,Corporate,BRL,USD,560887.68,5.426054,5.515923,572.89
OP00601,2024-06-21,da Conceição,PME,BRL,JPY,47666.94,0.036326,0.037839,67.67
OP00602,2024-01-15,das Neves Viana - ME,PME,BRL,EUR,99610.05,6.017584,6.142865,117.61
OP00603,2024-10-22,Léo Rocha,PF,BRL,JPY,4468.94,0.03671,0.037563,24.47
OP00604,2024-10-19,Maysa Martins,PF,BRL,USD,5099.14,5.371173,5.461563,17.1
OP00605,2024-09-11,Mateus Montenegro,PF,BRL,EUR,7079.6,5.888118,6.000511,25.08
OP00606,2024-11-24,Castro,PME,BRL,EUR,30839.61,5.919784,6.124985,48.84
OP00607,2024-12-16,Pereira Carvalho Ltda.,Corporate,BRL,EUR,553180.69,6.004159,6.19452,571.18
OP00608,2024-12-18,Rodrigo Freitas,PF,BRL,EUR,4167.19,5.621233,5.811977,22.17
OP00609,2024-09-04,Bella Silva,PF,BRL,USD,1399.79,5.334355,5.422001,13.4
OP00610,2024-03-14,Camila da Paz,PF,BRL,USD,3707.73,5.50721,5.576519,15.71
OP00611,2024-06-25,Enrico da Mata,PF,BRL,GBP,8279.73,6.975449,7.138781,30.28
OP00612,2024-07-08,Moraes,Corporate,BRL,USD,356180.36,5.355643,5.434239,368.18
OP00613,2024-05-03,Pedro Henrique Borges,PF,BRL,USD,13179.51,5.365189,5.463446,25.18
OP00614,2024-05-06,Rael Ferreira,PF,BRL,USD,2010.47,5.534336,5.648329,14.01
OP00615,2024-07-15,Oliver Aragão,PF,BRL,USD,6370.49,5.397387,5.495132,18.37
OP00616,2024-03-22,Montenegro,PME,BRL,USD,62519.83,5.314673,5.391211,74.52
OP00617,2024-06-09,da Costa,PME,BRL,JPY,37835.68,0.036145,0.036995,57.84
OP00618,2024-09-20,Anna Liz Freitas,PF,BRL,USD,3928.27,5.456621,5.568725,15.93
OP00619,2024-09-11,Arthur Dias,PF,BRL,ARS,8433.54,0.005838,0.006168,16.43
OP00620,2024-09-15,Lucas Gabriel Vieira,PF,BRL,JPY,1564.82,0.036091,0.03697,21.56
OP00621,2024-10-25,Davi Miguel Andrade,PF,BRL,USD,6805.85,5.419395,5.532955,18.81
OP00622,2024-09-10,Ravy Sampaio,PF,BRL,USD,7718.38,5.472086,5.573209,19.72
OP00623,2024-12-10,Teixeira Santos - ME,PME,BRL,ARS,63938.02,0.005971,0.006303,71.94
OP00624,2024-02-25,Alana Barros,PF,BRL,EUR,2800.09,5.867566,6.022711,20.8
OP00625,2024-07-06,José Miguel Cunha,PF,BRL,ARS,9715.15,0.005986,0.006292,17.72
OP00626,2024-07-24,Novaes Siqueira - EI,PME,BRL,USD,58194.17,5.393148,5.456942,70.19
OP00627,2024-07-04,Mariana Camargo,PF,BRL,EUR,3626.4,5.839408,6.02801,21.63
OP00628,2024-09-15,da Costa,PME,BRL,USD,43768.15,5.445542,5.55881,55.77
OP00629,2024-11-15,Davi Aragão,PF,BRL,EUR,6802.58,5.819633,6.009232,24.8
OP00630,2024-02-19,Leão Porto - EI,PME,BRL,USD,85218.68,5.34311,5.417263,97.22
OP00631,2024-06-22,Ana Luiza Camargo,PF,BRL,GBP,6232.7,7.153669,7.32047,28.23
OP00632,2024-03-14,Peixoto,PME,BRL,USD,16133.58,5.368003,5.462911,28.13
OP00633,2024-09-13,Allana Pires,PF,BRL,EUR,2657.08,5.725067,5.910352,20.66
OP00634,2024-12-31,Isabella Silva,PF,BRL,USD,6465.15,5.497107,5.593959,18.47
OP00635,2024-08-21,João Vitor Lima,PF,BRL,EUR,4696.27,5.830248,6.024929,22.7
OP00636,2024-03-12,Luiz Gustavo da Costa,PF,BRL,ARS,5255.69,0.005944,0.006344,13.26
OP00637,2024-03-24,Maria Vitória Cirino,PF,BRL,EUR,5214.64,5.98594,6.098313,23.21
OP00638,2024-06-02,Antonella Moura,PF,BRL,EUR,6159.26,5.986131,6.104648,24.16
OP00639,2024-09-17,Azevedo,PME,BRL,EUR,89760.19,5.908628,6.1159,107.76
OP00640,2024-06-02,Ísis Montenegro,PF,BRL,GBP,7399.47,7.27088,7.498679,29.4
OP00641,2024-06-18,Alícia Gomes,PF,BRL,USD,3377.02,5.202292,5.305227,15.38
OP00642,2024-10-25,Aparecida,PME,BRL,JPY,85072.59,0.036166,0.037234,105.07
OP00643,2024-12-18,Maria Julia Freitas,PF,BRL,ARS,13155.04,0.006158,0.006483,21.16
OP00644,2024-05-15,Souza,PME,BRL,EUR,27204.21,5.941596,6.106459,45.2
OP00645,2024-10-23,Fogaça S/A,Corporate,BRL,GBP,431371.9,6.783632,7.005484,453.37
OP00646,2024-10-25,da Costa,PME,BRL,GBP,64493.44,6.919781,7.164849,86.49
OP00647,2024-11-13,Dra. Bella Vargas,PF,BRL,EUR,5132.53,6.048321,6.230872,23.13
OP00648,2024-12-14,Carvalho,PME,BRL,USD,46932.25,5.380089,5.459942,58.93
OP00649,2024-12-24,Luiz Gustavo Nogueira,PF,BRL,EUR,3463.84,5.845667,5.964337,21.46
OP00650,2024-06-09,Sr. Ravi Sampaio,PF,BRL,USD,4381.19,5.176672,5.243209,16.38
OP00651,2024-04-14,Emilly Carvalho,PF,BRL,USD,2027.1,5.482086,5.553265,14.03
OP00652,2024-08-29,Raul Andrade,PF,BRL,GBP,4421.49,6.900948,7.047137,26.42
OP00653,2024-02-01,Costa,PME,BRL,GBP,41533.38,6.796202,7.069831,63.53
OP00654,2024-10-14,Vieira S.A.,PME,BRL,EUR,66693.71,6.169511,6.313691,84.69
OP00655,2024-09-26,Levi das Neves,PF,BRL,EUR,4541.96,5.928547,6.042623,22.54
OP00656,2024-08-23,Maria Laura Nogueira,PF,BRL,JPY,2937.93,0.036193,0.037182,22.94
OP00657,2024-06-30,da Cunha,Corporate,BRL,USD,953569.57,5.402302,5.491022,965.57
OP00658,2024-12-14,Sá e Filhos,PME,BRL,ARS,39352.36,0.005922,0.006193,47.35
OP00659,2024-11-08,da Paz Fogaça S/A,PME,BRL,EUR,16947.82,5.664656,5.866614,34.95
OP00660,2024-05-22,Luísa da Mata,PF,BRL,JPY,7945.86,0.037103,0.038087,27.95
OP00661,2024-06-01,Freitas - ME,PME,BRL,USD,37419.29,5.415854,5.489462,49.42
OP00662,2024-12-19,Souza,PME,BRL,GBP,54540.5,6.815161,7.070581,76.54
OP00663,2024-06-27,Gomes,PME,BRL,USD,42559.56,5.303751,5.388478,54.56
OP00664,2024-05-20,Cirino,PME,BRL,JPY,29345.35,0.035779,0.036816,49.35
OP00665,2024-10-05,Sara Freitas,PF,BRL,EUR,4621.34,5.858992,5.97092,22.62
OP00666,2024-06-25,Juliana Barros,PF,BRL,JPY,6797.75,0.035879,0.03712,26.8
OP00667,2024-05-28,Barros,Corporate,BRL,ARS,259918.64,0.006169,0.006495,267.92
OP00668,2024-02-10,Emilly Nogueira,PF,BRL,JPY,5660.27,0.036546,0.037978,25.66
OP00669,2024-05-11,Lorenzo Caldeira,PF,BRL,USD,3462.45,5.439042,5.555054,15.46
OP00670,2024-10-02,Duarte e Filhos,PME,BRL,USD,51781.53,5.319563,5.384492,63.78
OP00671,2024-05-19,Leandro Machado,PF,BRL,EUR,4901.3,5.82565,5.961975,22.9
OP00672,2024-10-27,Mariane Cavalcante,PF,BRL,EUR,24935.78,5.793179,5.899627,42.94
OP00673,2024-09-28,Sra. Marcela Machado,PF,BRL,USD,5503.32,5.289011,5.366326,17.5
OP00674,2024-02-21,Luiz Gustavo Pimenta,PF,BRL,USD,8353.78,5.539031,5.653397,20.35
OP00675,2024-02-21,Kamilly Porto,PF,BRL,GBP,3392.96,7.144993,7.410438,25.39
OP00676,2024-10-08,Barbosa e Filhos,PME,BRL,USD,28380.79,5.281785,5.387251,40.38
OP00677,2024-11-30,Fonseca,Corporate,BRL,USD,1152959.37,5.372995,5.482438,1164.96
OP00678,2024-09-01,Alves Casa Grande - EI,Corporate,BRL,ARS,167842.05,0.005917,0.006227,175.84
OP00679,2024-05-27,Andrade,PME,BRL,GBP,109358.03,6.670576,6.923618,131.36
OP00680,2024-02-15,Bernardo da Costa,PF,BRL,EUR,2765.9,6.023397,6.148908,20.77
OP00681,2024-01-20,Fonseca,PME,BRL,USD,25754.26,5.376789,5.490676,37.75
OP00682,2024-03-31,Nunes,Corporate,BRL,USD,280329.46,5.353543,5.41139,292.33
OP00683,2024-07-22,Pereira S.A.,Corporate,BRL,USD,1097503.51,5.550734,5.631704,1109.5
OP00684,2024-05-28,Freitas,PME,BRL,USD,45679.95,5.322915,5.398685,57.68
OP00685,2024-10-17,Macedo,PME,BRL,USD,89204.72,5.574483,5.657404,101.2
OP00686,2024-06-20,Oliveira S.A.,PME,BRL,JPY,155532.66,0.035667,0.036478,175.53
OP00687,2024-10-05,Maria Clara Gonçalves,PF,BRL,JPY,3762.69,0.03599,0.037103,23.76
OP00688,2024-03-09,Dr. Josué Camargo,PF,BRL,ARS,4702.81,0.006049,0.006248,12.7
OP00689,2024-04-08,Sousa S.A.,PME,BRL,EUR,47418.16,5.806709,5.926911,65.42
OP00690,2024-08-22,Moreira,PME,BRL,USD,16941.3,5.361661,5.47587,28.94
OP00691,2024-01-08,Novais,PME,BRL,GBP,75959.15,6.853933,7.097046,97.96
OP00692,2024-10-17,da Luz Ltda.,PME,BRL,GBP,19850.38,6.694894,6.890179,41.85
OP00693,2024-11-08,Cunha,PME,BRL,USD,24426.49,5.415438,5.508283,36.43
OP00694,2024-08-06,Sales,PME,BRL,ARS,128472.1,0.00603,0.006401,136.47
OP00695,2024-12-08,Gabriela Campos,PF,BRL,USD,1696.9,5.341391,5.414098,13.7
OP00696,2024-09-01,Brayan Machado,PF,BRL,JPY,2345.66,0.035377,0.036836,22.35
OP00697,2024-05-13,Pedro Miguel Borges,PF,BRL,USD,1524.79,5.480774,5.576499,13.52
OP00698,2024-05-16,Luiza Rios,PF,BRL,USD,4510.1,5.280318,5.375442,16.51
OP00699,2024-10-20,Santos,Corporate,BRL,USD,109555.97,5.369112,5.489521,121.56
OP00700,2024-12-20,Yan Nogueira,PF,BRL,EUR,5956.93,5.955237,6.127269,23.96
OP00701,2024-08-26,Kaique Castro,PF,BRL,EUR,2390.99,5.908114,6.058196,20.39
OP00702,2024-09-14,Dra. Emanuella Vieira,PF,BRL,USD,4910.38,5.338688,5.429533,16.91
OP00703,2024-06-08,Moraes,Corporate,BRL,ARS,582222.04,0.006056,0.006363,590.22
OP00704,2024-05-31,Campos Costa S.A.,PME,BRL,EUR,40244.17,5.882774,6.079166,58.24
OP00705,2024-03-09,Thales Alves,PF,BRL,USD,7260.01,5.360082,5.477085,19.26
OP00706,2024-11-06,Dr. Ravi Lucca Novaes,PF,BRL,EUR,4639.78,5.712807,5.924865,22.64
OP00707,2024-08-29,Caio Azevedo,PF,BRL,GBP,9826.36,6.892908,7.135053,31.83
OP00708,2024-04-21,Gonçalves,PME,BRL,ARS,20972.02,0.005899,0.006128,28.97
OP00709,2024-11-01,Moura,PME,BRL,EUR,34974.74,6.010809,6.177462,52.97
OP00710,2024-08-16,Vargas,PME,BRL,USD,255083.5,5.37087,5.483051,267.08
OP00711,2024-10-15,Ana Sophia Cardoso,PF,BRL,USD,4838.0,5.43084,5.541793,16.84
OP00712,2024-09-15,Sr. Rael Martins,PF,BRL,ARS,6412.55,0.006179,0.006586,14.41
OP00713,2024-03-25,Stella Ferreira,PF,BRL,EUR,4441.69,5.832301,6.033978,22.44
OP00714,2024-02-29,Yuri Porto,PF,BRL,EUR,10063.57,5.826079,6.0321,28.06
OP00715,2024-09-07,Vargas Cardoso - ME,PME,BRL,GBP,71389.95,6.494226,6.728266,93.39
OP00716,2024-01-29,Ana Laura Campos,PF,BRL,EUR,16178.39,5.821755,6.007784,34.18
OP00717,2024-08-21,Daniela da Rosa,PF,BRL,EUR,3144.68,5.897625,6.036148,21.14
OP00718,2024-12-10,Castro Duarte e Filhos,PME,BRL,EUR,99410.38,5.787808,5.921363,117.41
OP00719,2024-07-21,Ferreira Moreira Ltda.,PME,BRL,GBP,88579.29,6.970806,7.166483,110.58
OP00720,2024-04-21,José Costa,PF,BRL,USD,6810.49,5.477291,5.544192,18.81
OP00721,2024-06-25,Cardoso,PME,BRL,USD,80823.58,5.481463,5.582336,92.82
OP00722,2024-01-31,Pimenta,PME,BRL,EUR,71003.2,5.90261,6.078343,89.0
OP00723,2024-08-29,Montenegro e Filhos,Corporate,BRL,USD,492106.59,5.304758,5.365401,504.11
OP00724,2024-03-10,Eduardo Cavalcante,PF,BRL,USD,1868.77,5.223684,5.28267,13.87
OP00725,2024-11-26,Nunes,PME,BRL,JPY,31080.2,0.035778,0.037127,51.08
OP00726,2024-07-14,Alves S/A,Corporate,BRL,USD,509139.77,5.46573,5.542768,521.14
OP00727,2024-07-12,João Rezende,PF,BRL,JPY,5003.62,0.035412,0.036736,25.0
OP00728,2024-12-04,Oliver Pinto,PF,BRL,EUR,4490.26,5.859654,5.970742,22.49
OP00729,2024-06-27,Monteiro e Filhos,PME,BRL,USD,19058.0,5.317626,5.38829,31.06
OP00730,2024-07-20,Lavínia Ramos,PF,BRL,JPY,8441.75,0.035546,0.036983,28.44
OP00731,2024-04-24,Rodrigo da Cruz,PF,BRL,GBP,8224.54,6.873252,7.070624,30.22
OP00732,2024-06-01,da Rosa,PME,BRL,GBP,19836.97,6.881713,7.132011,41.84
OP00733,2024-08-05,Ana Sophia Sales,PF,BRL,GBP,5183.07,6.938278,7.143565,27.18
OP00734,2024-05-06,Emanuel Macedo,PF,BRL,ARS,2994.07,0.00604,0.006423,10.99
OP00735,2024-04-06,Rafaela Martins,PF,BRL,USD,816.87,5.419856,5.514868,12.82
OP00736,2024-02-27,Fernandes Pereira S.A.,Corporate,BRL,GBP,338749.12,6.926095,7.185012,360.75
OP00737,2024-11-10,Dr. Luiz Felipe Guerra,PF,BRL,EUR,8114.98,5.736095,5.930839,26.11
OP00738,2024-01-09,Teixeira Freitas - EI,PME,BRL,ARS,57625.9,0.006164,0.006474,65.63
OP00739,2024-10-31,Bianca Dias,PF,BRL,USD,6327.39,5.345032,5.418563,18.33
OP00740,2024-12-26,Ravi Lucca Campos,PF,BRL,EUR,1664.35,5.846714,5.964681,19.66
OP00741,2024-01-23,Machado,PME,BRL,USD,36509.41,5.416454,5.521987,48.51
OP00742,2024-04-21,Diego Brito,PF,BRL,USD,3433.99,5.401661,5.47628,15.43
OP00743,2024-03-12,da Rocha - ME,PME,BRL,GBP,41070.34,6.921416,7.206192,63.07
OP00744,2024-10-21,Mariah da Cruz,PF,BRL,USD,2987.29,5.521563,5.586291,14.99
OP00745,2024-12-10,Luan Oliveira,PF,BRL,EUR,2229.81,5.754147,5.951826,20.23
OP00746,2024-03-14,Correia,PME,BRL,USD,92617.3,5.328318,5.441291,104.62
OP00747,2024-07-30,Monteiro Moraes - ME,Corporate,BRL,EUR,833094.33,5.833928,5.980047,851.09
OP00748,2024-10-29,Lorena Monteiro,PF,BRL,USD,4807.17,5.614023,5.699085,16.81
OP00749,2024-11-16,Borges - ME,PME,BRL,JPY,117409.98,0.036667,0.037389,137.41
OP00750,2024-01-25,da Costa,PME,BRL,EUR,68399.75,5.754481,5.931878,86.4
OP00751,2024-12-09,Pacheco Fogaça S/A,Corporate,BRL,JPY,527317.4,0.036142,0.037092,547.32
OP00752,2024-12-22,João Miguel Monteiro,PF,BRL,EUR,5648.67,5.816692,5.99342,23.65
OP00753,2024-07-11,Olivia da Paz,PF,BRL,USD,4598.68,5.35138,5.469012,16.6
OP00754,2024-05-03,Alexia Caldeira,PF,BRL,EUR,913.86,5.851976,6.007955,18.91
OP00755,2024-12-28,Carvalho,PME,BRL,USD,35934.61,5.268163,5.346858,47.93
OP00756,2024-01-30,Luiz Otávio Teixeira,PF,BRL,EUR,10490.93,5.812549,6.013122,28.49
OP00757,2024-10-12,Fonseca,PME,BRL,JPY,72627.77,0.03518,0.036242,92.63
OP00758,2024-05-10,Murilo Aragão,PF,BRL,USD,4244.51,5.439434,5.540791,16.24
OP00759,2024-08-18,Evelyn Fonseca,PF,BRL,EUR,1968.32,5.945693,6.065986,19.97
OP00760,2024-04-07,Barbosa,PME,BRL,USD,107423.41,5.487487,5.56589,119.42
OP00761,2024-11-05,Sofia Machado,PF,BRL,USD,2449.27,5.577409,5.683706,14.45
OP00762,2024-04-06,Pinto,PME,BRL,ARS,56114.76,0.005982,0.006232,64.11
OP00763,2024-12-09,Cardoso S/A,PME,BRL,EUR,36073.36,5.830953,5.945999,54.07
OP00764,2024-06-19,Freitas,PME,BRL,EUR,17561.59,5.863925,6.064528,35.56
OP00765,2024-04-18,Dr. Diego Costa,PF,BRL,JPY,4359.15,0.035284,0.036365,24.36
OP00766,2024-03-01,Montenegro,Corporate,BRL,JPY,797910.09,0.034265,0.035393,817.91
OP00767,2024-05-04,Aparecida S/A,PME,BRL,GBP,49425.51,6.863721,7.166576,71.43
OP00768,2024-07-22,Silva Farias - ME,PME,BRL,GBP,167799.16,6.929852,7.127247,189.8
OP00769,2024-05-24,Cassiano,Corporate,BRL,EUR,768036.22,5.934028,6.099741,786.04
OP00770,2024-07-02,Sophie Carvalho,PF,BRL,EUR,4335.43,5.872491,6.006452,22.34
OP00771,2024-09-11,Dr. Enrico Gonçalves,PF,BRL,USD,5315.1,5.567294,5.649006,17.32
OP00772,2024-08-28,Letícia Pastor,PF,BRL,ARS,9048.87,0.005838,0.006227,17.05
OP00773,2024-04-14,Montenegro,PME,BRL,USD,55480.3,5.426347,5.534139,67.48
OP00774,2024-10-15,Yasmin Mendonça,PF,BRL,USD,1278.06,5.298881,5.373781,13.28
OP00775,2024-01-09,Melo,PME,BRL,GBP,46996.36,6.67324,6.933087,69.0
OP00776,2024-10-23,Léo Farias,PF,BRL,JPY,3295.02,0.03597,0.037447,23.3
OP00777,2024-04-10,Leão - EI,PME,BRL,USD,50630.54,5.424916,5.544553,62.63
OP00778,2024-05-05,Apollo Peixoto,PF,BRL,USD,4419.39,5.329798,5.400176,16.42
OP00779,2024-12-16,Julia Rezende,PF,BRL,EUR,3992.11,5.812827,5.986911,21.99
OP00780,2024-09-07,Heloísa Silveira,PF,BRL,GBP,6330.63,7.094993,7.269013,28.33
OP00781,2024-09-08,Pacheco - ME,Corporate,BRL,EUR,674209.67,5.983397,6.134557,692.21
OP00782,2024-06-29,Vinicius Pires,PF,BRL,GBP,2477.94,7.017102,7.222595,24.48
OP00783,2024-09-07,Dra. Maria Helena Casa Grande,PF,BRL,GBP,4345.0,6.964357,7.189164,26.34
OP00784,2024-11-24,Isabelly Andrade,PF,BRL,ARS,6095.05,0.006074,0.006279,14.1
OP00785,2024-02-08,Correia S/A,Corporate,BRL,EUR,302936.24,6.094476,6.217496,320.94
OP00786,2024-01-04,Dias,Corporate,BRL,EUR,511488.57,5.918395,6.050599,529.49
OP00787,2024-04-28,Clarice Jesus,PF,BRL,ARS,16837.38,0.006001,0.006207,24.84
OP00788,2024-04-21,Srta. Maria Sophia Montenegro,PF,BRL,USD,8284.24,5.333295,5.418713,20.28
OP00789,2024-11-12,Olivia Sousa,PF,BRL,USD,1326.2,5.565611,5.626982,13.33
OP00790,2024-09-04,Santos S.A.,PME,BRL,JPY,44326.09,0.035113,0.035966,64.33
OP00791,2024-09-29,Novais Duarte e Filhos,PME,BRL,USD,38647.28,5.463564,5.583913,50.65
OP00792,2024-09-28,Moura,PME,BRL,USD,51459.75,5.435839,5.509845,63.46
OP00793,2024-05-26,Dias,PME,BRL,EUR,168444.91,5.690509,5.79841,186.44
OP00794,2024-12-11,Raul Nascimento,PF,BRL,ARS,5512.87,0.006005,0.006235,13.51
OP00795,2024-04-01,Dr. João Pimenta,PF,BRL,JPY,6455.74,0.036014,0.037331,26.46
OP00796,2024-03-17,Evelyn da Cruz,PF,BRL,USD,4751.71,5.265721,5.366401,16.75
OP00797,2024-05-09,Kaique Câmara,PF,BRL,EUR,7700.56,5.698687,5.874389,25.7
OP00798,2024-07-22,Vargas,PME,BRL,USD,57473.07,5.270062,5.374196,69.47
OP00799,2024-08-23,Gustavo Henrique Sales,PF,BRL,JPY,4143.76,0.035999,0.036712,24.14
OP00800,2024-04-25,Dias,PME,BRL,JPY,72465.89,0.035851,0.036737,92.47
OP00801,2024-02-11,Marcela Novais,PF,BRL,ARS,2361.26,0.006073,0.006335,10.36
OP00802,2024-01-17,da Paz,PME,BRL,ARS,66271.91,0.006086,0.006299,74.27
OP00803,2024-10-09,Yago Garcia,PF,BRL,USD,3847.43,5.392858,5.480603,15.85
OP00804,2024-12-25,Manuella Vargas,PF,BRL,EUR,3101.03,5.889662,6.02676,21.1
OP00805,2024-08-10,João Vitor Aparecida,PF,BRL,EUR,7814.28,5.828797,6.046591,25.81
OP00806,2024-02-18,Silva,PME,BRL,USD,22321.59,5.226848,5.329039,34.32
OP00807,2024-04-27,Ferreira - ME,PME,BRL,JPY,16315.23,0.036725,0.038093,36.32
OP00808,2024-10-17,Jade Souza,PF,BRL,ARS,6381.0,0.00581,0.006068,14.38
OP00809,2024-02-08,Hadassa Costa,PF,BRL,USD,2417.5,5.478923,5.549048,14.42
OP00810,2024-10-05,Novais,PME,BRL,USD,20010.57,5.403518,5.462779,32.01
OP00811,2024-06-10,Carvalho,PME,BRL,USD,39165.69,5.474122,5.594035,51.17
OP00812,2024-03-14,Isaque da Cruz,PF,BRL,USD,1984.35,5.614206,5.712236,13.98
OP00813,2024-07-22,Rios - EI,PME,BRL,GBP,131940.43,6.914401,7.106482,153.94
OP00814,2024-10-15,Porto da Conceição S/A,Corporate,BRL,USD,798050.94,5.368618,5.485962,810.05
OP00815,2024-07-18,Noah Farias,PF,BRL,ARS,4463.64,0.006111,0.006475,12.46
OP00816,2024-07-15,Brito,PME,BRL,EUR,40265.22,5.443843,5.561395,58.27
OP00817,2024-12-18,Abreu Novaes S.A.,PME,BRL,USD,23584.43,5.439272,5.518026,35.58
OP00818,2024-06-26,Rezende,PME,BRL,EUR,40136.42,5.901934,6.013617,58.14
OP00819,2024-02-08,Pietra Rezende,PF,BRL,USD,1048.03,5.421486,5.531166,13.05
OP00820,2024-10-31,João Pedro Duarte,PF,BRL,GBP,3752.03,7.032166,7.296905,25.75
OP00821,2024-01-16,Bento Vargas,PF,BRL,GBP,7520.01,7.064566,7.238625,29.52
OP00822,2024-08-18,Rezende - EI,PME,BRL,GBP,53394.37,7.045249,7.240961,75.39
OP00823,2024-07-11,Vitor Sousa,PF,BRL,USD,3694.81,5.391196,5.456076,15.69
OP00824,2024-12-04,Srta. Emanuella Leão,PF,BRL,EUR,7565.36,5.550671,5.653873,25.57
OP00825,2024-05-31,Arthur Miguel Gonçalves,PF,BRL,GBP,2604.11,6.750156,6.929238,24.6
OP00826,2024-02-12,Cirino,PME,BRL,GBP,103798.05,7.013237,7.30332,125.8
OP00827,2024-11-20,Sra. Ana Carolina Albuquerque,PF,BRL,USD,1775.27,5.326823,5.403548,13.78
OP00828,2024-07-03,Cauê Farias,PF,BRL,USD,8394.66,5.462601,5.531863,20.39
OP00829,2024-06-06,Rafael Ramos,PF,BRL,USD,8000.25,5.372834,5.48126,20.0
OP00830,2024-02-22,Valentina Monteiro,PF,BRL,GBP,12004.45,6.662626,6.908239,34.0
OP00831,2024-08-17,Thiago Martins,PF,BRL,USD,5262.62,5.312707,5.413711,17.26
OP00832,2024-02-22,Correia,PME,BRL,EUR,66700.06,5.783382,5.952115,84.7
OP00833,2024-02-17,Lucas Castro,PF,BRL,USD,7386.9,5.237667,5.311302,19.39
OP00834,2024-07-16,Ramos,PME,BRL,GBP,89501.83,7.010864,7.175342,111.5
OP00835,2024-02-13,Francisco Albuquerque,PF,BRL,USD,16557.49,5.735871,5.821515,28.56
OP00836,2024-05-04,Vieira,PME,BRL,EUR,95697.12,5.966477,6.125987,113.7
OP00837,2024-07-13,Nunes,PME,BRL,USD,57401.21,5.453756,5.558729,69.4
OP00838,2024-05-17,Evelyn Cavalcanti,PF,BRL,USD,3880.09,5.473073,5.583546,15.88
OP00839,2024-08-10,Maria Luiza Lima,PF,BRL,USD,3576.76,5.281183,5.357904,15.58
OP00840,2024-02-09,Lunna Borges,PF,BRL,USD,9434.4,5.501256,5.596124,21.43
OP00841,2024-11-16,Aylla Cirino,PF,BRL,JPY,4983.24,0.036481,0.037507,24.98
OP00842,2024-08-22,Rhavi Duarte,PF,BRL,EUR,6566.28,5.787436,5.973727,24.57
OP00843,2024-07-21,André da Luz,PF,BRL,USD,4191.5,5.392267,5.503175,16.19
OP00844,2024-06-17,Isabela Machado,PF,BRL,EUR,4822.37,5.903211,6.034259,22.82
OP00845,2024-11-29,Lucas da Rosa,PF,BRL,USD,8530.67,5.462122,5.55529,20.53
OP00846,2024-06-13,da Luz e Filhos,Corporate,BRL,USD,1489419.92,5.404313,5.517002,1501.42
OP00847,2024-09-02,Sales,PME,BRL,EUR,67170.51,5.788454,5.953738,85.17
OP00848,2024-06-12,Bento Rios,PF,BRL,JPY,2750.01,0.035798,0.037194,22.75
OP00849,2024-09-08,Ravi Lucca das Neves,PF,BRL,EUR,3751.42,5.749055,5.883013,21.75
OP00850,2024-06-15,Guerra Rodrigues - EI,Corporate,BRL,GBP,626752.99,7.01176,7.293074,648.75
OP00851,2024-07-20,Sra. Bárbara Porto,PF,BRL,ARS,7535.16,0.005836,0.00614,15.54
OP00852,2024-04-12,Léo Pimenta,PF,BRL,JPY,5213.68,0.035539,0.036465,25.21
OP00853,2024-12-15,Câmara Carvalho - ME,PME,BRL,EUR,26961.24,5.691738,5.862068,44.96
OP00854,2024-08-24,Marques Souza - EI,PME,BRL,USD,103821.4,5.306208,5.387681,115.82
OP00855,2024-05-29,Leão,Corporate,BRL,USD,362537.25,5.215605,5.313269,374.54
OP00856,2024-07-28,Sá,PME,BRL,USD,38577.93,5.382361,5.463027,50.58
OP00857,2024-06-04,Teixeira da Cruz e Filhos,PME,BRL,USD,55038.56,5.454193,5.555411,67.04
OP00858,2024-08-04,Anna Liz Moura,PF,BRL,EUR,2455.08,5.910953,6.06385,20.46
OP00859,2024-11-02,Moura,PME,BRL,USD,39014.91,5.42811,5.503204,51.01
OP00860,2024-09-16,Sra. Ana Vitória Nunes,PF,BRL,USD,3688.4,5.219807,5.336023,15.69
OP00861,2024-08-02,Araújo - EI,Corporate,BRL,ARS,509936.54,0.005909,0.006133,517.94
OP00862,2024-07-03,Gabriela Oliveira,PF,BRL,GBP,12398.76,6.815356,7.073721,34.4
OP00863,2024-10-31,Cavalcante Duarte - EI,PME,BRL,ARS,16515.68,0.005888,0.006158,24.52
OP00864,2024-05-07,Camargo,PME,BRL,USD,30414.33,5.328419,5.415253,42.41
OP00865,2024-11-27,Silva Pacheco - ME,PME,BRL,USD,28757.74,5.291573,5.388838,40.76
OP00866,2024-11-26,Moraes - ME,PME,BRL,EUR,52697.6,5.896324,6.008588,70.7
OP00867,2024-06-18,Marques S.A.,PME,BRL,USD,36017.86,5.370661,5.46566,48.02
OP00868,2024-01-06,Marques,Corporate,BRL,USD,1228756.11,5.534758,5.610633,1240.76
OP00869,2024-09-22,Ana Laura Novais,PF,BRL,USD,8135.81,5.275988,5.376124,20.14
OP00870,2024-04-23,Rocha,PME,BRL,EUR,19434.22,5.958349,6.094926,37.43
OP00871,2024-12-13,Antônio Gonçalves,PF,BRL,USD,9207.65,5.429321,5.54801,21.21
OP00872,2024-06-25,Abreu,PME,BRL,EUR,43951.06,5.882385,6.054455,61.95
OP00873,2024-05-31,Pacheco Barbosa S/A,Corporate,BRL,EUR,937295.61,5.986842,6.140483,955.3
OP00874,2024-02-29,Manuella Sampaio,PF,BRL,JPY,5133.08,0.035816,0.036721,25.13
OP00875,2024-06-27,Nogueira S/A,PME,BRL,GBP,70474.96,6.891418,7.102136,92.47
OP00876,2024-04-15,Ravy Andrade,PF,BRL,EUR,3967.78,5.899193,6.081768,21.97
OP00877,2024-02-19,Nicolas Cirino,PF,BRL,USD,4929.84,5.38117,5.443653,16.93
OP00878,2024-06-12,Otto Freitas,PF,BRL,EUR,6045.79,5.87219,6.025926,24.05
OP00879,2024-12-29,Melissa Garcia,PF,BRL,USD,3847.33,5.22649,5.326741,15.85
OP00880,2024-11-27,Anna Liz Rodrigues,PF,BRL,ARS,5047.65,0.00599,0.006311,13.05
OP00881,2024-05-04,Ágatha Carvalho,PF,BRL,ARS,2302.7,0.006083,0.006431,10.3
OP00882,2024-06-18,Marcela Campos,PF,BRL,EUR,6202.47,5.916449,6.021613,24.2
OP00883,2024-04-28,Nascimento Gonçalves - EI,PME,BRL,JPY,31242.01,0.035503,0.036414,51.24
OP00884,2024-04-05,Siqueira Câmara S/A,PME,BRL,EUR,139077.52,5.814806,5.987126,157.08
OP00885,2024-01-15,da Rosa - ME,PME,BRL,USD,35303.82,5.425856,5.544779,47.3
OP00886,2024-08-18,Nascimento,PME,BRL,ARS,63863.57,0.006054,0.006424,71.86
OP00887,2024-12-26,da Conceição,PME,BRL,USD,52331.38,5.48021,5.550923,64.33
OP00888,2024-12-26,Raul Ferreira,PF,BRL,USD,11700.72,5.473585,5.579526,23.7
OP00889,2024-02-22,da Mota Correia e Filhos,PME,BRL,USD,31628.27,5.404097,5.484906,43.63
OP00890,2024-07-06,Andrade e Filhos,PME,BRL,EUR,54834.64,5.939677,6.107572,72.83
OP00891,2024-05-14,Allana da Costa,PF,BRL,EUR,3120.04,5.688418,5.889827,21.12
OP00892,2024-11-23,Azevedo Brito - EI,PME,BRL,EUR,97144.72,5.925019,6.082547,115.14
OP00893,2024-07-19,Pietro Peixoto,PF,BRL,USD,2239.55,5.474835,5.578668,14.24
OP00894,2024-08-22,da Cruz e Filhos,PME,BRL,USD,18968.94,5.180163,5.274918,30.97
OP00895,2024-12-27,Guerra - ME,PME,BRL,ARS,35955.74,0.006103,0.006393,43.96
OP00896,2024-10-29,Nogueira Cunha S/A,PME,BRL,JPY,33042.38,0.036003,0.037105,53.04
OP00897,2024-03-01,Theodoro da Rocha,PF,BRL,USD,3719.41,5.555912,5.65793,15.72
OP00898,2024-07-10,Liam Oliveira,PF,BRL,USD,3286.74,5.346825,5.413262,15.29
OP00899,2024-08-02,da Costa,PME,BRL,EUR,80338.27,5.889786,6.088758,98.34
OP00900,2024-08-04,Casa Grande,PME,BRL,EUR,32963.74,5.888608,6.025717,50.96
OP00901,2024-12-21,Stephany Câmara,PF,BRL,EUR,2607.38,5.753427,5.913373,20.61
OP00902,2024-03-29,da Rosa,Corporate,BRL,JPY,138065.26,0.036384,0.037385,158.07
OP00903,2024-03-12,Araújo,PME,BRL,EUR,66762.57,5.91403,6.053932,84.76
OP00904,2024-11-13,Emanuella Pires,PF,BRL,ARS,2514.6,0.005836,0.006126,10.51
OP00905,2024-01-05,Mariane Novais,PF,BRL,USD,4356.02,5.308048,5.39903,16.36
OP00906,2024-07-15,Ana Julia Ferreira,PF,BRL,USD,2157.68,5.401548,5.513932,14.16
OP00907,2024-09-10,Viana,Corporate,BRL,EUR,869300.62,5.906474,6.111283,887.3
OP00908,2024-12-29,Luiza Sampaio,PF,BRL,EUR,3958.23,6.036136,6.215475,21.96
OP00909,2024-02-12,Jesus,PME,BRL,EUR,66433.55,5.741613,5.862675,84.43
OP00910,2024-04-22,da Rosa Garcia S.A.,PME,BRL,GBP,26837.83,7.002647,7.169459,48.84
OP00911,2024-10-02,Olívia da Costa,PF,BRL,USD,8979.35,5.499193,5.590915,20.98
OP00912,2024-10-16,Kaique Santos,PF,BRL,GBP,4224.18,6.958645,7.163943,26.22
OP00913,2024-10-08,Martins Araújo - EI,PME,BRL,GBP,43895.54,6.857429,7.086888,65.9
OP00914,2024-05-17,Maria Vitória Novais,PF,BRL,EUR,2135.85,5.920184,6.030623,20.14
OP00915,2024-07-06,Gomes da Cruz Ltda.,PME,BRL,ARS,21877.36,0.005932,0.006166,29.88
OP00916,2024-08-13,Lucas Ramos,PF,BRL,GBP,5349.31,6.961415,7.200645,27.35
OP00917,2024-02-22,Rael Freitas,PF,BRL,JPY,1930.63,0.034646,0.035745,21.93
OP00918,2024-05-06,Nascimento e Filhos,PME,BRL,EUR,95926.19,5.973461,6.098509,113.93
OP00919,2024-08-18,Benjamim da Mata,PF,BRL,JPY,1028.38,0.036002,0.03741,21.03
OP00920,2024-02-14,Ana Cecília Barbosa,PF,BRL,ARS,6950.16,0.006266,0.006489,14.95
OP00921,2024-05-01,Henrique Mendes,PF,BRL,JPY,2869.63,0.036184,0.037167,22.87
OP00922,2024-12-18,Lucas Gabriel da Rosa,PF,BRL,GBP,6485.26,6.788763,6.964932,28.49
OP00923,2024-11-19,Heitor Correia,PF,BRL,GBP,8368.78,6.867622,7.045518,30.37
OP00924,2024-04-15,Srta. Pietra da Cruz,PF,BRL,EUR,998.57,5.88037,5.985408,19.0
OP00925,2024-10-18,Gonçalves da Costa - EI,PME,BRL,ARS,240928.18,0.005867,0.006185,248.93
OP00926,2024-10-02,Dr. Mateus Martins,PF,BRL,USD,2589.84,5.49053,5.548838,14.59
OP00927,2024-05-29,Maria Alice das Neves,PF,BRL,JPY,5916.94,0.037266,0.038694,25.92
OP00928,2024-09-20,Luiz Miguel Moraes,PF,BRL,USD,6210.88,5.436541,5.525272,18.21
OP00929,2024-02-18,Martins,Corporate,BRL,EUR,965348.95,5.776796,5.930031,983.35
OP00930,2024-07-29,Ravy Teixeira,PF,BRL,GBP,6108.46,6.85893,7.14825,28.11
OP00931,2024-12-01,Costela,Corporate,BRL,JPY,309384.54,0.035954,0.036971,329.38
OP00932,2024-05-07,Dr. Noah Aparecida,PF,BRL,ARS,4237.68,0.006113,0.006425,12.24
OP00933,2024-05-06,Hellena Sousa,PF,BRL,USD,3474.39,5.422819,5.504192,15.47
OP00934,2024-09-07,Almeida da Luz - EI,PME,BRL,EUR,41894.54,6.007503,6.232446,59.89
OP00935,2024-11-17,Maria Vitória da Rocha,PF,BRL,EUR,1621.75,5.922506,6.052222,19.62
OP00936,2024-11-20,Gael Henrique Farias,PF,BRL,EUR,2355.75,5.677904,5.78507,20.36
OP00937,2024-07-25,Garcia Nunes S.A.,PME,BRL,GBP,34784.65,6.595632,6.848546,56.78
OP00938,2024-07-07,Maitê da Cunha,PF,BRL,USD,10838.19,5.504545,5.562895,22.84
OP00939,2024-10-24,Rebeca Marques,PF,BRL,EUR,7391.65,5.716891,5.872275,25.39
OP00940,2024-02-17,Luiz Gustavo Cavalcante,PF,BRL,GBP,5874.13,7.108795,7.269419,27.87
OP00941,2024-12-06,Silveira Nogueira - ME,PME,BRL,EUR,65784.96,6.020331,6.21984,83.78
OP00942,2024-09-30,Nogueira Ramos S/A,PME,BRL,ARS,78468.83,0.006075,0.00638,86.47
OP00943,2024-04-18,Ana Beatriz Barbosa,PF,BRL,JPY,6393.59,0.03538,0.036565,26.39
OP00944,2024-05-25,Ana Julia Teixeira,PF,BRL,USD,3244.8,5.457114,5.527182,15.24
OP00945,2024-10-16,Noah Carvalho,PF,BRL,EUR,5973.8,5.904193,6.114764,23.97
OP00946,2024-12-15,Azevedo Santos S.A.,PME,BRL,GBP,69190.78,7.098957,7.359483,91.19
OP00947,2024-11-16,Cunha - EI,PME,BRL,USD,56058.98,5.501662,5.60118,68.06
OP00948,2024-03-04,Freitas,PME,BRL,EUR,47303.48,5.707597,5.889258,65.3
OP00949,2024-08-21,Pinto e Filhos,Corporate,BRL,USD,300674.34,5.329574,5.405605,312.67
OP00950,2024-04-13,Rafaela Ribeiro,PF,BRL,JPY,3172.71,0.035505,0.036539,23.17
OP00951,2024-11-28,Almeida,Corporate,BRL,JPY,504707.52,0.03665,0.037523,524.71
OP00952,2024-05-20,Vitor Novaes,PF,BRL,ARS,5713.3,0.005942,0.006211,13.71
OP00953,2024-02-12,Alice Almeida,PF,BRL,USD,6793.14,5.511303,5.621832,18.79
OP00954,2024-03-25,Kamilly Nascimento,PF,BRL,JPY,8718.1,0.035209,0.036107,28.72
OP00955,2024-12-24,Antony Montenegro,PF,BRL,EUR,5543.03,5.91473,6.056626,23.54
OP00956,2024-02-16,Cavalcanti,PME,BRL,USD,30617.83,5.334167,5.43464,42.62
OP00957,2024-09-01,Brito - EI,PME,BRL,USD,66019.28,5.252349,5.324178,78.02
OP00958,2024-09-22,Isaque Correia,PF,BRL,EUR,9357.2,5.91285,6.108332,27.36
OP00959,2024-12-22,Fogaça,PME,BRL,USD,32916.03,5.462859,5.526013,44.92
OP00960,2024-08-04,Miguel Barros,PF,BRL,USD,2828.6,5.554951,5.642098,14.83
OP00961,2024-04-27,Guerra,PME,BRL,EUR,61670.95,5.666918,5.770507,79.67
OP00962,2024-02-22,Isabelly Sampaio,PF,BRL,GBP,2382.69,7.060724,7.361158,24.38
OP00963,2024-06-02,Kaique Rodrigues,PF,BRL,USD,4103.21,5.479042,5.595809,16.1
OP00964,2024-03-09,Arthur Gabriel Borges,PF,BRL,GBP,3773.29,6.988959,7.23246,25.77
OP00965,2024-02-05,Garcia,PME,BRL,EUR,78735.66,5.921659,6.126906,96.74
OP00966,2024-11-28,Olívia Araújo,PF,BRL,USD,4716.35,5.345591,5.410064,16.72
OP00967,2024-04-19,Alexia Sampaio,PF,BRL,USD,4883.46,5.385474,5.492671,16.88
OP00968,2024-07-29,Barros Monteiro - ME,PME,BRL,USD,16857.57,5.469178,5.569549,28.86
OP00969,2024-04-21,Nunes,PME,BRL,USD,72621.79,5.543525,5.652442,84.62
OP00970,2024-03-04,Vinícius Aparecida,PF,BRL,USD,9509.44,5.618165,5.719266,21.51
OP00971,2024-08-07,Cunha Sales - EI,PME,BRL,USD,58067.62,5.51287,5.609188,70.07
OP00972,2024-05-21,Júlia Aparecida,PF,BRL,USD,14450.09,5.346849,5.427965,26.45
OP00973,2024-11-03,Rodrigues Ltda.,PME,BRL,USD,67487.44,5.248875,5.362451,79.49
OP00974,2024-12-19,Cavalcanti Ltda.,PME,BRL,EUR,44173.91,5.915576,6.081529,62.17
OP00975,2024-06-03,Gustavo Henrique Pastor,PF,BRL,ARS,7277.17,0.006106,0.006429,15.28
OP00976,2024-04-06,Miguel Barbosa,PF,BRL,EUR,4805.46,5.773588,5.952545,22.81
OP00977,2024-01-28,Castro,PME,BRL,USD,26487.65,5.56002,5.68123,38.49
OP00978,2024-05-02,Nunes Gomes e Filhos,PME,BRL,GBP,50041.41,6.723805,6.976494,72.04
OP00979,2024-09-12,Luísa Gomes,PF,BRL,USD,9173.47,5.544879,5.621418,21.17
OP00980,2024-01-07,Vieira Sales e Filhos,PME,BRL,USD,63719.08,5.289627,5.383209,75.72
OP00981,2024-03-08,Montenegro e Filhos,Corporate,BRL,JPY,700879.95,0.035367,0.036421,720.88
OP00982,2024-08-03,Sr. Carlos Eduardo Lopes,PF,BRL,ARS,8855.13,0.006057,0.006285,16.86
OP00983,2024-08-29,Breno Fernandes,PF,BRL,EUR,12704.22,5.949915,6.153778,30.7
OP00984,2024-01-09,Vasconcelos,Corporate,BRL,GBP,277675.01,7.322549,7.546951,299.68
OP00985,2024-04-20,Alves,PME,BRL,USD,57790.02,5.27569,5.348622,69.79
OP00986,2024-07-22,Júlia Viana,PF,BRL,USD,5474.52,5.48265,5.579222,17.47
OP00987,2024-09-13,Rebeca da Conceição,PF,BRL,EUR,3780.87,5.832352,5.938121,21.78
OP00988,2024-07-24,Novaes,PME,BRL,USD,30801.45,5.383907,5.479645,42.8
OP00989,2024-11-11,Marina Cirino,PF,BRL,EUR,2537.22,5.922857,6.128735,20.54
OP00990,2024-02-10,Maria Helena Barros,PF,BRL,USD,4524.72,5.422883,5.527811,16.52
OP00991,2024-03-20,Laís da Cruz,PF,BRL,USD,8556.16,5.33179,5.451579,20.56
OP00992,2024-11-20,Srta. Antonella da Mata,PF,BRL,USD,5945.47,5.408076,5.495038,17.95
OP00993,2024-11-25,Garcia Silva e Filhos,PME,BRL,EUR,36677.56,5.827013,6.042652,54.68
OP00994,2024-05-02,Mathias Dias,PF,BRL,EUR,6142.78,5.886089,6.099514,24.14
OP00995,2024-08-10,Sr. Caleb Abreu,PF,BRL,USD,4419.04,5.31937,5.379758,16.42
OP00996,2024-01-29,Pedro Miguel Fonseca,PF,BRL,EUR,3365.84,5.76753,5.922574,21.37
OP00997,2024-03-30,Cauã Cardoso,PF,BRL,GBP,3723.8,6.860687,7.03234,25.72
OP00998,2024-12-25,Francisco Lopes,PF,BRL,GBP,1800.58,6.836131,7.110663,23.8
OP00999,2024-06-26,Sophie Jesus,PF,BRL,EUR,2429.09,5.728081,5.854959,20.43
OP01000,2024-05-12,Apollo Borges,PF,BRL,GBP,3976.98,6.81994,7.021317,25.98
